Name,draft_year,draft_round,overall_pick,position_group,total_games,games_started,nfl_sacks_per_game,nfl_pressures_per_game,nfl_QBKDs_per_game,nfl_tfl_per_game,nfl_ff_per_game,nfl_sacks_career_high,nfl_pressures_career_high,nfl_QBKDs_career_high,nfl_bats_career_high,nfl_hurries_career_high,nfl_career_high_tfl,nfl_career_high_ff,nfl_career_sacks,nfl_career_pressures,nfl_career_tfl,nfl_career_ff,nfl_career_solo_tackles,nfl_career_assist_tackles,solo_tackles_per_game
Myles Garrett,2017.0,1.0,1.0,Edge,123,122,0.963,2.699,0.829,1.228,0.179,23.0,53,17,4,19,33.0,4.0,118.5,332,151.0,22.0,274.0,107.0,2.228
T.J. Watt,2017.0,1.0,30.0,Edge,89,89,0.921,2.854,0.955,1.281,0.315,22.5,61,26,6,23,26.0,8.0,82.0,254,114.0,28.0,243.0,97.0,2.73
Shaquil Barrett,,,,Edge,70,70,0.643,2.386,0.714,0.771,0.214,19.5,51,16,2,24,23.0,6.0,45.0,167,54.0,15.0,178.0,71.0,2.543
Chandler Jones,,,,Edge,67,67,0.716,2.149,0.642,0.791,0.269,19.0,40,17,6,19,20.0,8.0,48.0,144,53.0,18.0,136.0,56.0,2.03
Nick Bosa,2019.0,1.0,2.0,Edge,66,64,0.742,2.818,1.182,1.076,0.121,18.5,56,28,3,24,19.0,2.0,49.0,186,71.0,8.0,149.0,71.0,2.258
Trey Hendrickson,2017.0,3.0,103.0,Edge,87,85,0.856,2.46,0.805,0.805,0.149,17.5,54,17,3,18,19.0,3.0,74.5,214,70.0,13.0,137.0,59.0,1.575
Josh Hines-Allen,2019.0,1.0,7.0,Edge,91,89,0.555,2.198,0.802,0.714,0.088,17.5,46,18,3,20,17.0,4.0,50.5,200,65.0,8.0,185.0,116.0,2.033
Khalil Mack,2014.0,1.0,5.0,Edge,115,113,0.63,2.009,0.409,0.809,0.235,17.0,47,10,9,30,21.0,6.0,72.5,231,93.0,27.0,250.0,108.0,2.174
Danielle Hunter,2015.0,3.0,88.0,Edge,107,107,0.832,2.215,0.43,1.056,0.112,16.5,41,11,3,20,23.0,4.0,89.0,237,113.0,12.0,285.0,142.0,2.664
Brian Burns,2019.0,1.0,16.0,Edge,114,101,0.623,1.904,0.605,0.912,0.114,16.5,41,14,6,16,22.0,3.0,71.0,217,104.0,13.0,232.0,152.0,2.035
J.J. Watt,,,,Edge,63,63,0.611,2.54,0.873,1.111,0.19,16.0,60,12,7,32,24.0,7.0,38.5,160,70.0,12.0,138.0,54.0,2.19
Chris Jones,2016.0,2.0,37.0,Interior,49,44,0.673,2.449,0.98,0.959,0.041,15.5,49,18,3,19,22.0,2.0,33.0,120,47.0,2.0,70.0,29.0,1.429
Matt Judon,2016.0,5.0,146.0,Edge,97,83,0.577,1.99,0.691,,,15.5,41,17,3,18,,,56.0,193,,,,,
Cameron Jordan,,,,Edge,131,131,0.553,1.687,0.359,0.771,0.061,15.5,49,11,4,27,19.0,2.0,72.5,221,101.0,8.0,255.0,147.0,1.947
Aidan Hutchinson,2022.0,1.0,2.0,Edge,56,56,0.768,3.018,0.982,0.786,0.143,14.5,62,21,5,29,14.0,4.0,43.0,169,44.0,8.0,118.0,58.0,2.107
Von Miller,,,,Edge,74,60,0.662,2.0,0.432,0.851,0.081,14.5,37,10,2,18,19.0,4.0,49.0,148,63.0,6.0,129.0,62.0,1.743
Maxx Crosby,2019.0,4.0,106.0,Edge,110,104,0.632,2.418,0.8,1.245,0.1,14.5,50,21,6,20,28.0,4.0,69.5,266,137.0,11.0,278.0,161.0,2.527
Alex Highsmith,2020.0,3.0,102.0,Edge,60,49,0.475,1.417,0.417,0.7,0.117,14.5,28,8,1,11,15.0,5.0,28.5,85,42.0,7.0,142.0,88.0,2.367
Nik Bonitto,2022.0,2.0,64.0,Edge,64,36,0.578,1.641,0.516,0.672,0.078,14.0,39,11,2,12,16.0,2.0,37.0,105,43.0,5.0,87.0,37.0,1.359
Aaron Donald,2014.0,1.0,13.0,Interior,59,59,0.661,2.492,0.746,1.186,0.119,13.5,55,15,2,32,24.0,4.0,39.0,147,70.0,7.0,111.0,84.0,1.881
Za'Darius Smith,2015.0,4.0,122.0,Edge,102,90,0.593,2.157,0.804,0.804,0.078,13.5,50,22,5,13,19.0,4.0,60.5,220,82.0,8.0,177.0,91.0,1.735
Dee Ford,2014.0,1.0,23.0,Edge,16,16,0.813,3.375,1.063,1.125,0.438,13.0,54,17,0,23,18.0,7.0,13.0,54,18.0,7.0,42.0,13.0,2.625
Tuli Tuipulotu,2023.0,2.0,54.0,Edge,50,36,0.52,1.46,0.46,0.78,0.1,13.0,32,10,3,11,20.0,2.0,26.0,73,39.0,5.0,98.0,46.0,1.96
Frank Clark,2015.0,2.0,63.0,Edge,74,71,0.493,2.068,0.676,0.635,0.135,13.0,48,13,2,22,14.0,4.0,36.5,153,47.0,10.0,122.0,47.0,1.649
Ryan Kerrigan,,,,Edge,44,30,0.42,1.477,0.25,0.614,0.091,13.0,30,6,1,12,17.0,3.0,18.5,65,27.0,4.0,49.0,22.0,1.114
Nnamdi Madubuike,,,,Interior,78,66,0.385,1.026,0.423,0.551,0.038,13.0,33,16,3,4,12.0,2.0,30.0,80,43.0,3.0,124.0,79.0,1.59
Micah Parsons,,,,Edge,14,13,0.893,3.429,0.857,0.857,0.143,12.5,48,12,0,22,12.0,2.0,12.5,48,12.0,2.0,19.0,22.0,1.357
Jason Pierre-Paul,,,,Edge,54,52,0.611,1.667,0.315,0.815,0.148,12.5,30,6,3,12,18.0,4.0,33.0,90,44.0,8.0,126.0,45.0,2.333
Jonathan Greenard,2020.0,3.0,90.0,Edge,64,58,0.578,1.953,0.563,0.906,0.125,12.5,42,12,4,18,18.0,4.0,37.0,125,58.0,8.0,128.0,70.0,2.0
Haason Reddick,2017.0,1.0,13.0,Edge,46,40,0.565,1.674,0.435,0.848,0.174,12.5,35,12,1,16,20.0,6.0,26.0,77,39.0,8.0,90.0,42.0,1.957
Montez Sweat,2019.0,1.0,26.0,Interior,109,109,0.523,1.853,0.633,0.725,0.138,12.5,40,19,5,14,14.0,3.0,57.0,202,79.0,15.0,191.0,116.0,1.752
Kyle Van Noy,2014.0,2.0,40.0,Edge,62,42,0.46,1.097,0.355,0.565,0.081,12.5,25,8,2,8,14.0,2.0,28.5,68,35.0,5.0,87.0,50.0,1.403
Will Anderson,,,,Edge,46,44,0.652,2.109,0.674,,,12.0,36,15,3,15,,,30.0,97,,,,,
Bradley Chubb,2018.0,1.0,5.0,Edge,46,45,0.598,2.217,0.674,0.717,0.13,12.0,36,12,1,15,17.0,3.0,27.5,102,33.0,6.0,87.0,54.0,1.891
Harold Landry,2018.0,2.0,41.0,Edge,98,90,0.556,1.796,0.5,,,12.0,43,10,1,21,,,54.5,176,,,,,
Josh Sweat,2018.0,4.0,130.0,Edge,80,50,0.45,1.488,0.5,0.575,0.125,12.0,37,16,2,14,13.0,4.0,36.0,119,46.0,10.0,109.0,68.0,1.363
Byron Young,2023.0,3.0,70.0,Edge,102,68,0.436,1.422,0.529,0.49,0.049,12.0,40,17,1,10,12.0,2.0,44.5,145,50.0,5.0,192.0,169.0,1.882
Byron Young,2023.0,3.0,77.0,Edge,102,68,0.436,1.422,0.529,0.49,0.049,12.0,40,17,1,10,12.0,2.0,44.5,145,50.0,5.0,192.0,169.0,1.882
Preston Smith,2015.0,2.0,38.0,Edge,111,87,0.383,1.36,0.414,0.486,0.036,12.0,34,9,3,12,13.0,2.0,42.5,151,54.0,4.0,178.0,125.0,1.604
Joey Bosa,2016.0,1.0,3.0,Edge,94,81,0.574,2.372,0.777,0.745,0.181,11.5,54,19,3,25,20.0,7.0,54.0,223,70.0,17.0,186.0,75.0,1.979
Denico Autry,,,,Edge,82,48,0.518,1.415,0.329,0.561,0.061,11.5,32,10,4,14,12.0,2.0,42.5,116,46.0,5.0,105.0,57.0,1.28
Kayvon Thibodeaux,2022.0,1.0,5.0,Edge,53,53,0.443,1.585,0.566,0.585,0.113,11.5,35,10,4,18,12.0,3.0,23.5,84,31.0,6.0,86.0,66.0,1.623
Bud Dupree,,,,Edge,114,80,0.408,1.368,0.333,0.579,0.105,11.5,28,7,2,13,20.0,4.0,46.5,156,66.0,12.0,173.0,86.0,1.518
Leonard Williams,2015.0,1.0,6.0,Interior,127,119,0.39,1.669,0.772,0.598,0.031,11.5,42,18,3,12,16.0,2.0,49.5,212,76.0,4.0,243.0,216.0,1.913
Robert Quinn,,,,Edge,58,50,0.362,1.552,0.5,0.552,0.121,11.5,35,11,2,13,15.0,3.0,21.0,90,32.0,7.0,73.0,29.0,1.259
Dante Fowler,2015.0,1.0,3.0,Edge,110,50,0.327,1.382,0.264,,,11.5,35,7,4,19,,,36.0,152,,,,,
Stephon Tuitt,2014.0,2.0,46.0,Edge,35,35,0.571,2.229,0.771,0.829,0.057,11.0,36,13,2,14,13.0,2.0,20.0,78,29.0,2.0,78.0,34.0,2.229
Justin Houston,,,,Edge,66,66,0.5,1.682,0.439,0.712,0.136,11.0,29,12,1,15,15.0,5.0,33.0,111,47.0,9.0,104.0,45.0,1.576
Jeffery Simmons,,,,Interior,90,90,0.45,1.456,0.444,0.711,0.089,11.0,32,11,6,11,17.0,3.0,40.5,131,64.0,8.0,201.0,143.0,2.233
Markus Golden,2015.0,2.0,58.0,Edge,76,55,0.401,1.895,0.75,0.645,0.066,11.0,44,15,1,16,18.0,4.0,30.5,144,49.0,5.0,134.0,97.0,1.763
Brandon Graham,,,,Edge,95,52,0.4,1.368,0.326,0.695,0.074,11.0,30,9,2,17,17.0,2.0,38.0,130,66.0,7.0,148.0,60.0,1.558
Al-Quadin Muhammad,2017.0,6.0,196.0,Edge,106,36,0.245,0.877,0.264,0.368,0.038,11.0,26,8,0,8,9.0,1.0,26.0,93,39.0,4.0,126.0,66.0,1.189
Kyler Fackrell,2016.0,3.0,88.0,Edge,16,7,0.656,1.125,0.063,0.813,0.0,10.5,18,1,0,6,13.0,0.0,10.5,18,13.0,0.0,29.0,13.0,1.813
James Pearce,,,,Edge,17,3,0.618,1.588,0.235,,,10.5,27,4,3,11,,,10.5,27,,,,,
George Karlaftis III,,,,Edge,65,59,0.469,1.908,0.615,,,10.5,37,18,6,18,,,30.5,124,,,,,
Cameron Heyward,,,,Interior,115,115,0.461,1.626,0.565,0.739,0.043,10.5,33,14,10,15,15.0,1.0,53.0,187,85.0,5.0,275.0,225.0,2.391
Will McDonald,,,,Interior,47,29,0.457,1.383,0.511,,,10.5,38,12,3,14,,,21.5,65,,,,,
Travon Walker,2022.0,1.0,1.0,Edge,63,60,0.437,1.571,0.46,0.571,0.048,10.5,30,10,1,13,13.0,2.0,27.5,99,36.0,3.0,101.0,99.0,1.603
Leonard Floyd,2016.0,1.0,9.0,Edge,114,113,0.43,1.535,0.465,0.518,0.026,10.5,31,11,1,15,13.0,1.0,49.0,175,59.0,3.0,175.0,121.0,1.535
DeMarcus Lawrence,,,,Edge,93,91,0.409,1.645,0.441,0.828,0.161,10.5,42,10,6,20,21.0,4.0,38.0,153,77.0,15.0,201.0,116.0,2.161
Calais Campbell,,,,Edge,109,109,0.408,1.385,0.56,0.716,0.064,10.5,33,16,5,10,24.0,2.0,44.5,151,78.0,7.0,216.0,127.0,1.982
Jonathon Cooper,2021.0,7.0,239.0,Edge,81,65,0.389,1.235,0.321,0.407,0.025,10.5,30,8,1,10,11.0,1.0,31.5,100,33.0,2.0,145.0,121.0,1.79
Yannick Ngakoue,2016.0,3.0,69.0,Edge,91,84,0.538,1.956,0.604,0.67,0.121,10.0,51,20,4,21,15.0,4.0,49.0,178,61.0,11.0,132.0,39.0,1.451
Chase Young,2020.0,1.0,2.0,Edge,69,42,0.464,1.826,0.449,0.609,0.13,10.0,34,13,4,15,13.0,4.0,32.0,126,42.0,9.0,107.0,57.0,1.551
Zach Sieler,,,,Edge,82,72,0.396,1.11,0.439,0.646,0.049,10.0,27,9,4,7,13.0,2.0,32.5,91,53.0,4.0,160.0,123.0,1.951
Odafe Oweh,,,,Edge,79,27,0.386,1.392,0.557,0.43,0.089,10.0,28,12,1,12,9.0,3.0,30.5,110,34.0,7.0,118.0,58.0,1.494
Romeo Okwara,2016.0,,,Edge,65,28,0.338,1.262,0.446,0.431,0.092,10.0,31,10,2,10,14.0,3.0,22.0,82,28.0,6.0,80.0,46.0,1.231
Ed Oliver,2019.0,1.0,9.0,Interior,19,19,0.658,1.211,0.316,1.105,0.053,9.5,19,5,2,3,14.0,1.0,12.5,23,21.0,1.0,44.0,19.0,2.316
Jadeveon Clowney,2014.0,1.0,1.0,Edge,106,92,0.439,1.887,0.509,0.736,0.113,9.5,48,11,4,27,19.0,4.0,46.5,200,78.0,12.0,183.0,109.0,1.726
Uchenna Nwosu,2018.0,2.0,48.0,Edge,34,32,0.426,1.706,0.794,0.588,0.147,9.5,30,15,4,13,12.0,3.0,14.5,58,20.0,5.0,66.0,40.0,1.941
Rashan Gary,2019.0,1.0,12.0,Edge,89,61,0.421,1.629,0.539,0.449,0.056,9.5,47,16,1,20,9.0,2.0,37.5,145,40.0,5.0,131.0,95.0,1.472
Mario Addison,,,,Edge,75,39,0.42,1.133,0.133,0.547,0.093,9.5,25,3,4,17,15.0,2.0,31.5,85,41.0,7.0,87.0,56.0,1.16
Samson Ebukam,,,,Edge,94,66,0.303,1.053,0.33,0.457,0.096,9.5,26,8,3,19,10.0,3.0,28.5,99,43.0,9.0,151.0,94.0,1.606
Olivier Vernon,,,,Edge,35,34,0.557,2.114,0.714,0.743,0.086,9.0,29,13,2,12,13.0,1.0,19.5,74,26.0,3.0,67.0,25.0,1.914
Michael Bennett,,,,Edge,31,11,0.5,2.258,0.871,0.935,0.065,9.0,46,18,0,18,15.0,2.0,15.5,70,29.0,2.0,49.0,17.0,1.581
Kobie Turner,,,,Edge,51,37,0.471,1.216,0.275,0.529,0.02,9.0,22,5,4,10,10.0,1.0,24.0,62,27.0,1.0,88.0,79.0,1.725
Carlos Dunlap,,,,Edge,79,44,0.449,1.734,0.595,0.658,0.076,9.0,38,12,9,18,17.0,2.0,35.5,137,52.0,6.0,139.0,77.0,1.759
Emmanuel Ogbah,2016.0,2.0,32.0,Edge,94,48,0.356,1.543,0.447,0.426,0.064,9.0,39,13,10,17,11.0,3.0,33.5,145,40.0,6.0,118.0,83.0,1.255
Marcus Davenport,2018.0,1.0,14.0,Edge,77,43,0.325,1.442,0.545,0.442,0.091,9.0,26,9,1,12,9.0,3.0,25.0,111,34.0,7.0,87.0,75.0,1.13
Christian Wilkins,2019.0,1.0,13.0,Edge,86,82,0.262,1.058,0.337,0.547,0.047,9.0,30,14,5,8,16.0,2.0,22.5,91,47.0,4.0,215.0,157.0,2.5
Brandon Dorlus,2024.0,4.0,109.0,Interior,15,9,0.567,0.933,0.067,0.733,0.0,8.5,14,1,0,3,11.0,0.0,8.5,14,11.0,0.0,15.0,12.0,1.0
Bruce Irvin,,,,Edge,40,31,0.463,1.25,0.325,0.6,0.05,8.5,23,5,0,9,10.0,1.0,18.5,50,24.0,2.0,56.0,27.0,1.4
Kwity Paye,2021.0,1.0,21.0,Edge,75,74,0.407,1.293,0.28,0.48,0.053,8.5,23,6,1,14,10.0,2.0,30.5,97,36.0,4.0,123.0,86.0,1.64
Sam Hubbard,2018.0,3.0,77.0,Edge,91,75,0.401,1.462,0.516,0.593,0.055,8.5,39,15,3,20,12.0,1.0,36.5,133,54.0,5.0,203.0,133.0,2.231
Laiatu Latu,2024.0,1.0,15.0,Edge,33,17,0.379,1.485,0.515,0.515,0.121,8.5,26,9,2,11,12.0,3.0,12.5,49,17.0,4.0,43.0,34.0,1.303
Matthew Ioannidis,,,,Edge,35,21,0.357,1.486,0.429,,,8.5,35,8,1,18,,,12.5,52,,,,,
Dorance Armstrong Jr.,,,,Edge,100,32,0.34,1.03,0.28,,,8.5,24,8,1,10,,,34.0,103,,,,,
Braden Fiske,2024.0,2.0,39.0,Edge,34,24,0.338,1.176,0.265,0.412,0.059,8.5,22,7,0,11,10.0,2.0,11.5,40,14.0,2.0,31.0,43.0,0.912
Carl Granderson,2019.0,,,Edge,105,47,0.329,1.19,0.314,0.514,0.038,8.5,32,11,3,18,14.0,2.0,34.5,125,54.0,4.0,175.0,124.0,1.667
Christian Barmore,2021.0,2.0,38.0,Interior,61,27,0.238,1.0,0.41,0.361,0.016,8.5,19,9,6,9,13.0,1.0,14.5,61,22.0,1.0,89.0,73.0,1.459
Kerry Hyder,2014.0,,,Edge,70,22,0.186,0.929,0.314,,,8.5,32,8,3,15,,,13.0,65,,,,,
Everson Griffen,,,,Edge,49,33,0.5,2.102,0.592,0.612,0.02,8.0,35,13,3,15,11.0,1.0,24.5,103,30.0,1.0,77.0,45.0,1.571
Azeez Ojulari,2021.0,2.0,50.0,Edge,46,30,0.478,1.413,0.326,0.457,0.087,8.0,26,5,2,13,8.0,3.0,22.0,65,21.0,4.0,59.0,48.0,1.283
DeForest Buckner,,,,Interior,56,53,0.473,1.661,0.679,0.696,0.071,8.0,29,12,6,9,11.0,2.0,26.5,93,39.0,4.0,143.0,120.0,2.554
Gregory Rousseau,2021.0,1.0,30.0,Edge,78,78,0.41,1.679,0.654,,,8.0,35,15,4,14,,,32.0,131,,,,,
Vic Beasley,2015.0,1.0,8.0,Edge,32,24,0.406,1.188,0.125,0.563,0.063,8.0,20,2,1,13,12.0,2.0,13.0,38,18.0,2.0,45.0,17.0,1.406
D.J. Wonnum,2020.0,4.0,117.0,Edge,70,53,0.371,1.2,0.286,,,8.0,30,7,4,15,,,26.0,84,,,,,
Malcolm Koonce,2021.0,3.0,79.0,Edge,34,14,0.368,1.088,0.412,0.441,0.118,8.0,23,8,0,7,9.0,3.0,12.5,37,15.0,4.0,46.0,27.0,1.353
Jonathan Allen,2017.0,1.0,17.0,Interior,72,71,0.361,1.222,0.403,0.569,0.0,8.0,22,11,1,12,12.0,0.0,26.0,88,41.0,0.0,155.0,114.0,2.153
Malik Reed,,,,Edge,45,34,0.333,1.4,0.311,0.467,0.067,8.0,33,8,0,15,12.0,2.0,15.0,63,21.0,3.0,74.0,49.0,1.644
Dallas Turner,2024.0,1.0,17.0,Edge,33,10,0.333,0.939,0.242,0.424,0.121,8.0,24,6,1,9,11.0,4.0,11.0,31,14.0,4.0,41.0,45.0,1.242
Dayo Odeyingbo,2021.0,2.0,54.0,Edge,69,27,0.254,0.986,0.406,0.333,0.058,8.0,22,13,2,7,9.0,2.0,17.5,68,23.0,4.0,62.0,59.0,0.899
Calijah Kancey,2023.0,1.0,19.0,Edge,26,26,0.442,1.231,0.538,0.808,0.038,7.5,19,8,1,3,11.0,1.0,11.5,32,21.0,1.0,41.0,13.0,1.577
Trey Flowers,2015.0,4.0,101.0,Edge,44,42,0.409,1.932,0.614,0.614,0.182,7.5,36,14,1,17,12.0,3.0,18.0,85,27.0,8.0,92.0,62.0,2.091
YaYa Diaby,2023.0,3.0,82.0,Edge,51,41,0.373,1.529,0.569,,,7.5,32,15,1,13,,,19.0,78,,,,,
Jared Verse,2024.0,1.0,19.0,Edge,34,33,0.353,2.029,0.912,0.647,0.147,7.5,36,18,2,15,11.0,3.0,12.0,69,22.0,5.0,71.0,53.0,2.088
Whitney Mercilus,,,,Edge,45,37,0.344,1.356,0.356,0.6,0.133,7.5,26,7,0,13,14.0,4.0,15.5,61,27.0,6.0,67.0,41.0,1.489
Akiem Hicks,,,,Edge,41,41,0.317,1.293,0.463,0.561,0.073,7.5,29,7,3,14,15.0,3.0,13.0,53,23.0,3.0,83.0,29.0,2.024
Kenny Clark,2016.0,1.0,27.0,Interior,109,109,0.298,1.165,0.303,0.45,0.046,7.5,28,9,1,15,11.0,2.0,32.5,127,49.0,5.0,188.0,151.0,1.725
John Franklin-Myers,2018.0,4.0,135.0,Edge,114,83,0.298,1.377,0.544,0.325,0.018,7.5,27,11,3,14,8.0,1.0,34.0,157,37.0,2.0,92.0,108.0,0.807
Bryan Bresee,2023.0,1.0,29.0,Interior,49,26,0.296,0.918,0.286,0.388,0.041,7.5,19,7,6,6,7.0,1.0,14.5,45,19.0,2.0,44.0,42.0,0.898
Deatrich Wise Jr.,2017.0,4.0,131.0,Edge,110,58,0.264,1.1,0.3,,,7.5,28,9,4,16,,,29.0,121,,,,,
Charles Harris,2017.0,1.0,22.0,Edge,69,29,0.246,1.159,0.304,0.348,0.043,7.5,34,7,1,19,10.0,2.0,17.0,80,24.0,3.0,86.0,67.0,1.246
Dexter Lawrence,2019.0,1.0,17.0,Edge,97,90,0.222,1.247,0.608,,,7.5,36,19,4,8,,,21.5,121,,,,,
Jordan Jenkins,2016.0,3.0,83.0,Edge,16,11,0.438,1.375,0.313,0.563,0.125,7.0,22,5,0,9,9.0,2.0,7.0,22,9.0,2.0,24.0,11.0,1.5
Terrell Suggs,,,,Edge,31,29,0.435,1.742,0.258,0.839,0.161,7.0,37,5,0,24,13.0,4.0,13.5,54,26.0,5.0,49.0,25.0,1.581
Byron Murphy,,,,Interior,17,17,0.412,1.235,0.176,,,7.0,21,3,0,9,,,7.0,21,,,,,
Benson Mayowa,,,,Edge,43,13,0.395,1.233,0.326,0.651,0.14,7.0,22,5,1,11,13.0,3.0,17.0,53,28.0,6.0,60.0,17.0,1.395
Dre'Mont Jones,2019.0,3.0,71.0,Edge,91,62,0.368,1.187,0.418,0.462,0.022,7.0,28,16,1,9,9.0,1.0,33.5,108,42.0,2.0,121.0,104.0,1.33
Carl Lawson,2017.0,4.0,116.0,Edge,48,31,0.365,1.854,1.042,0.396,0.083,7.0,44,26,0,11,9.0,2.0,17.5,89,19.0,4.0,43.0,41.0,0.896
Melvin Ingram,,,,Edge,44,36,0.364,1.727,0.432,0.636,0.045,7.0,31,8,2,16,12.0,1.0,16.0,76,28.0,2.0,79.0,37.0,1.795
Jaelan Phillips,2021.0,1.0,18.0,Interior,34,32,0.353,2.088,0.765,0.441,0.059,7.0,36,16,4,20,8.0,1.0,12.0,71,15.0,2.0,66.0,48.0,1.941
Ifeadi Odenigbo,2017.0,7.0,220.0,Edge,30,0,0.35,0.867,0.3,0.4,0.067,7.0,19,7,0,4,8.0,1.0,10.5,26,12.0,2.0,27.0,14.0,0.9
Zach Allen,2019.0,3.0,65.0,Edge,62,61,0.347,1.935,1.081,0.435,0.016,7.0,50,32,8,7,10.0,1.0,21.5,120,27.0,1.0,94.0,99.0,1.516
Quinnen Williams,2019.0,1.0,3.0,Interior,61,61,0.344,1.672,0.656,0.705,0.098,7.0,29,13,2,14,14.0,3.0,21.0,102,43.0,6.0,122.0,85.0,2.0
Javon Hargrave,2016.0,3.0,89.0,Interior,64,58,0.328,0.75,0.172,0.406,0.031,7.0,14,5,1,8,8.0,1.0,21.0,48,26.0,2.0,110.0,95.0,1.719
Vita Vea,2018.0,1.0,12.0,Interior,99,99,0.323,1.051,0.414,0.475,0.03,7.0,22,10,3,7,10.0,2.0,32.0,104,47.0,3.0,133.0,95.0,1.343
Andrew Van Ginkel,,,,Edge,62,38,0.306,0.871,0.403,0.5,0.048,7.0,20,10,5,3,11.0,3.0,19.0,54,31.0,3.0,123.0,95.0,1.984
Jarran Reed,2016.0,2.0,49.0,Edge,79,57,0.291,1.101,0.456,0.354,0.051,7.0,22,11,3,9,8.0,1.0,23.0,87,28.0,4.0,108.0,112.0,1.367
Charles Omenihu,2019.0,5.0,161.0,Edge,80,10,0.287,1.087,0.438,0.287,0.063,7.0,21,12,2,7,6.0,2.0,23.0,87,23.0,5.0,59.0,47.0,0.738
Takkarist McKinley,2017.0,1.0,26.0,Edge,51,27,0.284,1.353,0.451,,,7.0,25,7,0,11,,,14.5,69,,,,,
DeMarcus Walker,2017.0,2.0,51.0,Edge,87,42,0.282,1.046,0.46,0.46,0.023,7.0,23,13,1,6,10.0,1.0,24.5,91,40.0,2.0,108.0,72.0,1.241
Jerry Hughes,,,,Edge,49,48,0.276,1.673,0.367,0.51,0.102,7.0,39,10,3,21,17.0,3.0,13.5,82,25.0,5.0,52.0,26.0,1.061
Patrick Jones II,,,,Edge,36,9,0.25,1.028,0.306,,,7.0,17,5,1,8,,,9.0,37,,,,,
Trevis Gipson,2020.0,5.0,155.0,Edge,46,19,0.239,0.848,0.174,0.261,0.109,7.0,18,7,2,8,7.0,5.0,11.0,39,12.0,5.0,46.0,38.0,1.0
Derek Wolfe,,,,Edge,42,36,0.226,0.81,0.286,0.476,0.024,7.0,18,6,2,5,8.0,1.0,9.5,34,20.0,1.0,73.0,55.0,1.738
Chris Wormley,2017.0,3.0,74.0,Edge,60,28,0.175,0.667,0.15,0.2,0.017,7.0,18,4,3,8,6.0,1.0,10.5,40,12.0,1.0,62.0,46.0,1.033
Henry Anderson,2015.0,3.0,93.0,Edge,56,24,0.152,0.786,0.214,0.357,0.0,7.0,20,7,0,10,9.0,0.0,8.5,44,20.0,0.0,64.0,56.0,1.143
Maliek Collins,2016.0,3.0,67.0,Interior,28,28,0.411,1.536,0.536,0.536,0.0,6.5,28,10,1,11,8.0,0.0,11.5,43,15.0,0.0,34.0,32.0,1.214
Chris Long,,,,Edge,16,0,0.406,2.0,0.688,0.375,0.125,6.5,32,11,0,13,6.0,2.0,6.5,32,6.0,2.0,15.0,8.0,0.938
Nolan Smith,2023.0,1.0,30.0,Edge,28,22,0.339,1.036,0.429,,,6.5,15,8,2,4,,,9.5,29,,,,,
Derek Barnett,2017.0,1.0,14.0,Edge,96,50,0.302,1.177,0.552,0.573,0.042,6.5,26,15,0,12,12.0,2.0,29.0,113,55.0,4.0,117.0,78.0,1.219
Darrell Taylor,,,,Interior,32,5,0.297,1.063,0.406,0.313,0.094,6.5,21,7,2,7,7.0,2.0,9.5,34,10.0,3.0,48.0,21.0,1.5
Carl Nassib,2016.0,3.0,65.0,Edge,69,23,0.29,0.957,0.319,0.594,0.058,6.5,21,7,3,7,15.0,2.0,20.0,66,41.0,4.0,94.0,41.0,1.362
Rasheem Green,2018.0,3.0,79.0,Edge,59,29,0.271,1.068,0.22,0.322,0.051,6.5,24,6,4,10,6.0,3.0,16.0,63,19.0,3.0,76.0,51.0,1.288
A.J. Epenesa,2020.0,2.0,54.0,Edge,91,19,0.264,0.846,0.297,,,6.5,16,7,7,6,,,24.0,77,,,,,
Michael Danna,,,,Edge,70,43,0.264,0.857,0.286,,,6.5,21,5,3,9,,,18.5,60,,,,,
Arden Key,2018.0,3.0,87.0,Edge,116,46,0.263,1.147,0.509,0.336,0.034,6.5,20,11,2,10,11.0,2.0,30.5,133,39.0,4.0,111.0,81.0,0.957
Jalyx Hunt,2024.0,,,Edge,33,10,0.242,1.03,0.545,0.273,0.061,6.5,29,17,1,5,9.0,2.0,8.0,34,9.0,2.0,28.0,24.0,0.848
Shaq Lawson,2016.0,1.0,19.0,Edge,88,27,0.227,1.193,0.489,0.523,0.057,6.5,28,14,2,12,17.0,2.0,20.0,105,46.0,5.0,97.0,64.0,1.102
Vernon Butler,2016.0,1.0,30.0,Edge,14,9,0.429,0.857,0.286,0.714,0.214,6.0,12,4,0,2,10.0,3.0,6.0,12,10.0,3.0,22.0,10.0,1.571
Cameron Wake,,,,Edge,14,14,0.429,2.357,0.5,0.5,0.071,6.0,33,7,0,19,7.0,1.0,6.0,33,7.0,1.0,21.0,15.0,1.5
Randy Gregory,2015.0,2.0,60.0,Edge,42,15,0.417,1.857,0.81,0.5,0.238,6.0,29,11,1,12,8.0,3.0,17.5,78,21.0,10.0,56.0,21.0,1.333
Boye Mafe,2022.0,2.0,40.0,Edge,15,11,0.4,1.4,0.4,0.533,0.067,6.0,21,6,1,9,8.0,1.0,6.0,21,8.0,1.0,25.0,15.0,1.667
Jalen Redmond,2023.0,,,Interior,17,15,0.353,0.647,0.176,0.706,0.059,6.0,11,3,4,2,12.0,1.0,6.0,11,12.0,1.0,33.0,29.0,1.941
Justin Eboigbe,2024.0,4.0,105.0,Interior,17,1,0.353,0.765,0.235,0.412,0.0,6.0,13,4,0,3,7.0,0.0,6.0,13,7.0,0.0,27.0,12.0,1.588
Moro Ojomo,2023.0,7.0,249.0,Interior,17,9,0.353,1.235,0.353,0.353,0.0,6.0,21,6,1,9,6.0,0.0,6.0,21,6.0,0.0,17.0,21.0,1.0
Jalen Carter,2023.0,1.0,9.0,Interior,27,12,0.333,1.296,0.407,0.481,0.074,6.0,18,9,5,9,8.0,2.0,9.0,35,13.0,2.0,41.0,25.0,1.519
Ndamukong Suh,,,,Edge,49,49,0.296,1.469,0.612,0.551,0.02,6.0,29,13,3,10,11.0,1.0,14.5,72,27.0,1.0,64.0,48.0,1.306
Dennis Gardeck,,,,Edge,41,19,0.28,0.902,0.317,0.463,0.073,6.0,20,6,2,8,7.0,1.0,11.5,37,19.0,3.0,81.0,35.0,1.976
Michael Hoecht,,,,Edge,34,22,0.265,0.824,0.176,0.324,0.029,6.0,16,4,1,6,7.0,1.0,9.0,28,11.0,1.0,69.0,68.0,2.029
Dawuane Smoot,2017.0,3.0,68.0,Edge,103,21,0.262,1.029,0.35,0.32,0.058,6.0,31,11,2,13,7.0,2.0,27.0,106,33.0,6.0,91.0,47.0,0.883
Quinton Jefferson,2016.0,5.0,147.0,Interior,89,45,0.258,1.022,0.393,0.326,0.022,6.0,23,10,3,9,6.0,1.0,23.0,91,29.0,2.0,78.0,73.0,0.876
Gervon Dexter,2023.0,2.0,53.0,Interior,34,18,0.25,1.147,0.412,,,6.0,22,9,0,10,,,8.5,39,,,,,
Arnold Ebiketie,2022.0,2.0,38.0,Edge,67,12,0.246,0.985,0.328,0.254,0.06,6.0,24,8,2,12,6.0,2.0,16.5,66,17.0,4.0,80.0,49.0,1.194
Morgan Fox,,,,Edge,83,21,0.223,0.663,0.169,0.265,0.024,6.0,16,4,1,6,8.0,1.0,18.5,55,22.0,2.0,79.0,42.0,0.952
Adam Butler,,,,Interior,96,22,0.219,0.615,0.177,0.333,0.021,6.0,15,4,5,8,8.0,1.0,21.0,59,32.0,2.0,88.0,84.0,0.917
Sheldon Rankins,2016.0,1.0,12.0,Interior,85,51,0.218,0.8,0.271,0.341,0.024,6.0,14,7,1,6,9.0,1.0,18.5,68,29.0,2.0,104.0,73.0,1.224
Nick Williams,,,,Edge,33,22,0.197,0.576,0.121,0.303,0.0,6.0,12,3,2,5,6.0,0.0,6.5,19,10.0,0.0,38.0,31.0,1.152
Allen Bailey,,,,Edge,47,22,0.181,0.596,0.149,0.277,0.043,6.0,17,3,0,8,7.0,2.0,8.5,28,13.0,2.0,49.0,30.0,1.043
Shelby Harris,,,,Interior,92,54,0.158,0.728,0.304,0.402,0.033,6.0,18,8,4,6,8.0,1.0,14.5,67,37.0,3.0,123.0,101.0,1.337
Jalon Walker,,,,Edge,15,9,0.367,0.867,0.267,0.333,0.133,5.5,13,4,0,3,5.0,2.0,5.5,13,5.0,2.0,24.0,12.0,1.6
Alex Wright,2022.0,3.0,78.0,Edge,30,10,0.35,0.733,0.133,0.6,0.1,5.5,14,3,2,5,12.0,2.0,10.5,22,18.0,3.0,37.0,25.0,1.233
James Houston,,,,Edge,17,0,0.324,1.118,0.412,0.353,0.059,5.5,19,7,0,6,6.0,1.0,5.5,19,6.0,1.0,18.0,17.0,1.059
Myles Murphy,2023.0,1.0,28.0,Edge,17,10,0.324,1.0,0.235,0.353,0.0,5.5,17,4,2,7,6.0,0.0,5.5,17,6.0,0.0,28.0,24.0,1.647
Myles Murphy,2024.0,,,Edge,17,10,0.324,1.0,0.235,0.353,0.0,5.5,17,4,2,7,6.0,0.0,5.5,17,6.0,0.0,28.0,24.0,1.647
Efe Obada,,,,Edge,53,3,0.283,0.981,0.434,0.283,0.019,5.5,21,9,2,5,6.0,1.0,15.0,52,15.0,1.0,38.0,24.0,0.717
Devonte Wyatt,2022.0,1.0,28.0,Interior,57,15,0.281,0.684,0.193,0.368,0.0,5.5,16,4,2,5,9.0,0.0,16.0,39,21.0,0.0,50.0,36.0,0.877
Ronald Blair,2016.0,5.0,142.0,Edge,24,3,0.271,1.125,0.375,0.667,0.0,5.5,20,6,0,8,12.0,0.0,6.5,27,16.0,0.0,36.0,28.0,1.5
Chase Winovich,2019.0,3.0,77.0,Edge,24,11,0.271,1.792,0.375,0.333,0.042,5.5,37,7,1,24,8.0,1.0,6.5,43,8.0,1.0,33.0,16.0,1.375
Cassius Marsh,2014.0,4.0,108.0,Edge,36,6,0.25,1.25,0.306,0.417,0.0,5.5,31,7,1,18,8.0,0.0,9.0,45,15.0,0.0,52.0,22.0,1.444
Tyrone Crawford,,,,Edge,35,20,0.243,0.829,0.229,0.314,0.029,5.5,19,5,0,7,7.0,1.0,8.5,29,11.0,1.0,25.0,26.0,0.714
Jacob Martin,,,,Edge,105,28,0.224,0.819,0.238,0.2,0.067,5.5,26,12,3,13,5.0,2.0,23.5,86,21.0,7.0,57.0,54.0,0.543
Anthony Nelson,2019.0,4.0,107.0,Edge,83,17,0.223,0.783,0.301,0.325,0.048,5.5,20,10,1,6,7.0,3.0,18.5,65,27.0,4.0,96.0,70.0,1.157
B.J. Hill,2018.0,3.0,69.0,Interior,98,53,0.219,0.776,0.265,0.265,0.0,5.5,23,14,3,7,7.0,0.0,21.5,76,26.0,0.0,146.0,137.0,1.49
Arik Armstead,2015.0,1.0,17.0,Interior,65,44,0.215,1.108,0.338,0.354,0.015,5.5,23,9,3,14,7.0,1.0,14.0,72,23.0,1.0,96.0,58.0,1.477
Chauncey Golston,2021.0,3.0,84.0,Edge,34,16,0.206,0.706,0.118,0.147,0.0,5.5,18,2,4,9,5.0,0.0,7.0,24,5.0,0.0,30.0,26.0,0.882
Logan Hall,2022.0,2.0,33.0,Interior,50,26,0.19,0.56,0.18,0.26,0.02,5.5,10,4,1,6,6.0,1.0,9.5,28,13.0,1.0,42.0,37.0,0.84
Keeanu Benton,2023.0,2.0,49.0,Interior,51,40,0.147,0.686,0.353,0.157,0.02,5.5,15,6,5,4,6.0,1.0,7.5,35,8.0,1.0,41.0,46.0,0.804
A'Shawn Robinson,2016.0,2.0,46.0,Edge,60,55,0.133,0.433,0.167,0.317,0.017,5.5,12,5,3,4,8.0,1.0,8.0,26,19.0,1.0,120.0,129.0,2.0
LaCale London,,,,Interior,13,5,0.385,0.538,0.0,0.538,0.077,5.0,7,0,1,2,7.0,1.0,5.0,7,7.0,1.0,17.0,13.0,1.308
Jurrell Casey,,,,Edge,14,14,0.357,1.5,0.286,0.5,0.071,5.0,21,4,0,12,7.0,1.0,5.0,21,7.0,1.0,26.0,18.0,1.857
Jeremiah Attaochu,2014.0,2.0,50.0,Edge,25,10,0.34,1.16,0.32,0.52,0.04,5.0,19,6,0,8,7.0,1.0,8.5,29,13.0,1.0,38.0,14.0,1.52
Gerald McCoy,,,,Edge,16,16,0.313,1.375,0.375,0.563,0.0,5.0,22,6,2,10,9.0,0.0,5.0,22,9.0,0.0,15.0,22.0,0.938
Brandon Copeland,,,,Edge,16,10,0.313,1.688,0.5,0.5,0.0,5.0,27,8,0,14,8.0,0.0,5.0,27,8.0,0.0,24.0,11.0,1.5
Julius Peppers,,,,Edge,16,8,0.313,0.938,0.25,0.5,0.125,5.0,15,4,0,6,8.0,2.0,5.0,15,8.0,2.0,14.0,8.0,0.875
Kamalei Correa,2016.0,2.0,42.0,Edge,16,5,0.313,0.688,0.063,0.375,0.0,5.0,11,1,1,5,6.0,0.0,5.0,11,6.0,0.0,27.0,10.0,1.688
Aldon Smith,,,,Edge,16,16,0.313,1.25,0.563,0.313,0.0,5.0,20,9,1,6,5.0,0.0,5.0,20,5.0,0.0,31.0,17.0,1.938
Dondrea Tillman,,,,Edge,29,0,0.31,0.828,0.207,0.276,0.0,5.0,12,4,1,5,5.0,0.0,9.0,24,8.0,0.0,26.0,38.0,0.897
Nic Scourton,2025.0,2.0,51.0,Edge,17,8,0.294,0.882,0.176,0.412,0.059,5.0,15,3,1,5,7.0,1.0,5.0,15,7.0,1.0,20.0,27.0,1.176
Jer'Zhan Newton,2024.0,2.0,36.0,Interior,17,2,0.294,0.647,0.176,0.235,0.059,5.0,11,3,1,2,4.0,1.0,5.0,11,4.0,1.0,21.0,17.0,1.235
Trent Murphy,2014.0,2.0,47.0,Edge,39,35,0.282,1.077,0.333,0.436,0.103,5.0,19,5,2,9,8.0,2.0,11.0,42,17.0,4.0,53.0,26.0,1.359
Bilal Nichols,2018.0,5.0,145.0,Edge,30,22,0.267,0.867,0.267,0.533,0.067,5.0,16,7,1,5,8.0,2.0,8.0,26,16.0,2.0,36.0,32.0,1.2
Ogbonnia Okoronkwo,2018.0,5.0,160.0,Edge,47,13,0.266,0.787,0.277,,,5.0,16,6,1,5,,,12.5,37,,,,,
Baron Browning,,,,Edge,52,27,0.26,0.846,0.231,0.404,0.038,5.0,17,6,2,7,8.0,2.0,13.5,44,21.0,2.0,59.0,45.0,1.135
Alex Okafor,2013.0,4.0,103.0,Edge,54,25,0.25,1.111,0.389,0.241,0.037,5.0,22,6,2,13,5.0,1.0,13.5,60,13.0,2.0,49.0,24.0,0.907
Joseph Ossai,,,,Edge,61,12,0.238,1.066,0.475,0.246,0.066,5.0,23,10,1,10,9.0,2.0,14.5,65,15.0,4.0,53.0,53.0,0.869
Joe Tryon-Shoyinka,,,,Edge,49,39,0.224,0.918,0.327,0.327,0.041,5.0,22,9,1,8,7.0,1.0,11.0,45,16.0,2.0,66.0,43.0,1.347
Daron Payne,2018.0,1.0,13.0,Interior,63,57,0.222,0.698,0.19,0.476,0.063,5.0,13,4,5,6,13.0,2.0,14.0,44,30.0,4.0,119.0,92.0,1.889
Taco Charlton,2017.0,1.0,28.0,Edge,39,13,0.218,0.744,0.179,0.333,0.077,5.0,10,2,1,7,6.0,2.0,8.5,29,13.0,3.0,31.0,24.0,0.795
Vinny Curry,,,,Edge,50,12,0.21,0.86,0.32,0.36,0.0,5.0,18,6,0,7,6.0,0.0,10.5,43,18.0,0.0,56.0,23.0,1.12
Derrick Brown,2020.0,1.0,7.0,Interior,34,34,0.206,0.941,0.5,0.353,0.029,5.0,17,12,7,4,7.0,1.0,7.0,32,12.0,1.0,90.0,86.0,2.647
Jihad Ward,2016.0,2.0,44.0,Edge,115,35,0.2,0.948,0.522,0.235,0.026,5.0,27,16,3,5,7.0,2.0,23.0,109,27.0,3.0,85.0,75.0,0.739
Alim McNeill,,,,Interior,40,29,0.2,0.7,0.2,0.275,0.05,5.0,13,5,1,5,6.0,1.0,8.0,28,11.0,2.0,37.0,48.0,0.925
Isaac Rochell,2017.0,7.0,225.0,Edge,38,10,0.197,0.632,0.105,0.263,0.0,5.0,13,2,0,6,7.0,0.0,7.5,24,10.0,0.0,47.0,24.0,1.237
Zaven Collins,,,,Edge,34,26,0.191,0.706,0.265,0.382,0.059,5.0,13,7,1,5,7.0,2.0,6.5,24,13.0,2.0,59.0,38.0,1.735
Michael Brockers,,,,Edge,47,47,0.191,0.787,0.255,0.362,0.0,5.0,17,5,1,8,6.0,0.0,9.0,37,17.0,0.0,88.0,80.0,1.872
Milton Williams,2021.0,3.0,73.0,Interior,79,31,0.19,0.696,0.266,0.418,0.025,5.0,13,6,2,6,9.0,1.0,15.0,55,33.0,2.0,81.0,80.0,1.025
Keion White,2023.0,2.0,46.0,Edge,42,19,0.179,1.19,0.405,0.286,0.048,5.0,28,10,5,12,7.0,2.0,7.5,50,12.0,2.0,50.0,50.0,1.19
K'Lavon Chaisson,,,,Edge,47,12,0.17,0.596,0.234,0.298,0.021,5.0,10,6,0,4,7.0,1.0,8.0,28,14.0,1.0,48.0,28.0,1.021
Casey Toohill,,,,Edge,48,14,0.146,0.542,0.229,0.167,0.0,5.0,9,5,1,4,6.0,0.0,7.0,26,8.0,0.0,30.0,21.0,0.625
Dean Lowry,2016.0,4.0,137.0,Edge,80,69,0.144,0.637,0.15,0.212,0.013,5.0,16,4,4,9,5.0,1.0,11.5,51,17.0,1.0,115.0,98.0,1.438
Tim Settle,2018.0,5.0,163.0,Interior,63,6,0.143,0.365,0.111,0.19,0.016,5.0,10,3,1,3,5.0,1.0,9.0,23,12.0,1.0,32.0,19.0,0.508
Travis Jones,2022.0,3.0,76.0,Interior,65,34,0.131,0.4,0.138,0.262,0.015,5.0,12,3,2,4,9.0,1.0,8.5,26,17.0,1.0,62.0,63.0,0.954
Tavius Robinson,2023.0,,,Edge,27,14,0.296,0.963,0.444,0.259,0.037,4.5,13,8,0,4,4.0,1.0,8.0,26,7.0,1.0,28.0,32.0,1.037
Geno Atkins,,,,Interior,16,14,0.281,1.25,0.313,0.438,0.0,4.5,20,5,0,10,7.0,0.0,4.5,20,7.0,0.0,18.0,29.0,1.125
Oshane Ximines,2019.0,3.0,95.0,Edge,16,2,0.281,0.75,0.188,0.375,0.0,4.5,12,3,1,2,6.0,0.0,4.5,12,6.0,0.0,11.0,14.0,0.688
Jaylen Harrell,2024.0,7.0,252.0,Edge,17,2,0.265,0.647,0.176,0.294,0.059,4.5,11,3,0,2,5.0,1.0,4.5,11,5.0,1.0,14.0,11.0,0.824
Jabaal Sheard,,,,Edge,23,15,0.261,1.391,0.348,0.478,0.043,4.5,20,4,0,11,6.0,1.0,6.0,32,11.0,1.0,30.0,14.0,1.304
Yetur Gross-Matos,2020.0,2.0,38.0,Edge,52,30,0.26,0.846,0.365,0.404,0.019,4.5,12,7,0,5,6.0,1.0,13.5,44,21.0,1.0,60.0,73.0,1.154
Tyree Wilson,2023.0,1.0,7.0,Edge,50,7,0.24,0.78,0.22,0.32,0.08,4.5,17,5,0,7,8.0,2.0,12.0,39,16.0,4.0,57.0,34.0,1.14
Austin Bryant,2019.0,4.0,117.0,Edge,20,6,0.225,0.65,0.1,0.35,0.0,4.5,10,1,0,4,5.0,0.0,4.5,13,7.0,0.0,33.0,15.0,1.65
Austin Booker,2024.0,5.0,144.0,Edge,27,9,0.222,0.889,0.222,0.296,0.037,4.5,18,3,2,10,5.0,1.0,6.0,24,8.0,1.0,33.0,23.0,1.222
Clelin Ferrell,2019.0,1.0,4.0,Edge,97,57,0.216,0.99,0.33,0.34,0.041,4.5,21,8,4,10,11.0,2.0,21.0,96,33.0,4.0,89.0,81.0,0.918
Jordan Davis,2022.0,1.0,13.0,Interior,34,34,0.206,0.529,0.059,0.324,0.029,4.5,10,1,6,5,9.0,1.0,7.0,18,11.0,1.0,52.0,65.0,1.529
Sam Williams,2022.0,2.0,56.0,Edge,49,5,0.194,0.735,0.224,0.449,0.061,4.5,15,5,2,11,10.0,1.0,9.5,36,22.0,3.0,53.0,32.0,1.082
Kingsley Enagbare,2022.0,5.0,179.0,Interior,51,17,0.186,0.784,0.275,0.333,0.039,4.5,15,6,3,6,6.0,2.0,9.5,40,17.0,2.0,52.0,57.0,1.02
Lorenzo Carter,2018.0,3.0,66.0,Edge,50,29,0.17,0.88,0.4,0.36,0.06,4.5,23,9,4,9,8.0,1.0,8.5,44,18.0,3.0,83.0,44.0,1.66
Dante Stills,2023.0,6.0,213.0,Interior,48,21,0.167,0.375,0.104,0.229,0.021,4.5,8,2,1,2,5.0,1.0,8.0,18,11.0,1.0,55.0,68.0,1.146
Micheal Clemons,2022.0,4.0,117.0,Edge,49,23,0.163,0.612,0.204,0.224,0.02,4.5,14,4,2,5,4.0,1.0,8.0,30,11.0,1.0,49.0,43.0,1.0
Jerry Tillery,2019.0,1.0,28.0,Edge,81,39,0.148,0.765,0.346,0.173,0.025,4.5,22,12,0,7,6.0,2.0,12.0,62,14.0,2.0,62.0,69.0,0.765
DeShawn Williams,,,,Interior,74,45,0.122,0.595,0.284,0.149,0.0,4.5,10,6,5,4,4.0,0.0,9.0,44,11.0,0.0,71.0,75.0,0.959
William Gholston,2013.0,4.0,126.0,Interior,99,44,0.106,0.747,0.424,0.293,0.0,4.5,29,17,2,9,8.0,0.0,10.5,74,29.0,0.0,108.0,81.0,1.091
Brenton Cox,2023.0,,,Interior,11,1,0.455,1.091,0.455,,,4.0,8,3,0,1,,,5.0,12,,,,,
Tonka Hemingway,2025.0,4.0,135.0,Interior,9,0,0.444,0.667,0.222,0.556,0.0,4.0,6,2,1,0,5.0,0.0,4.0,6,5.0,0.0,8.0,1.0,0.889
Dontari Poe,,,,Interior,11,10,0.364,0.636,0.182,0.545,0.0,4.0,7,2,0,1,6.0,0.0,4.0,7,6.0,0.0,15.0,7.0,1.364
Ezekiel Ansah,,,,Edge,18,3,0.361,1.056,0.389,0.389,0.111,4.0,10,4,2,3,4.0,2.0,6.5,19,7.0,2.0,19.0,10.0,1.056
Eli Harold,2015.0,3.0,79.0,Edge,13,0,0.308,0.385,0.077,0.308,0.0,4.0,5,1,0,0,4.0,0.0,4.0,5,4.0,0.0,8.0,2.0,0.615
Kingsley Keke,2019.0,5.0,150.0,Edge,27,17,0.241,0.704,0.222,0.185,0.037,4.0,12,4,3,4,5.0,1.0,6.5,19,5.0,1.0,12.0,9.0,0.444
Bryce Huff,,,,Edge,50,21,0.24,1.24,0.48,0.22,0.08,4.0,27,11,1,12,6.0,2.0,12.0,62,11.0,4.0,23.0,26.0,0.46
Jowon Briggs,,,,Interior,17,8,0.235,0.647,0.353,0.471,0.059,4.0,11,6,0,1,8.0,1.0,4.0,11,8.0,1.0,19.0,19.0,1.118
Abdul Carter,2025.0,1.0,3.0,Edge,17,6,0.235,2.0,1.0,0.412,0.118,4.0,34,17,0,12,7.0,2.0,4.0,34,7.0,2.0,25.0,18.0,1.471
Adrian Clayborn,,,,Edge,44,4,0.227,1.068,0.341,0.341,0.091,4.0,20,8,0,8,5.0,2.0,10.0,47,15.0,4.0,27.0,14.0,0.614
Tyquan Lewis,2018.0,2.0,64.0,Edge,88,20,0.205,0.83,0.239,0.386,0.023,4.0,16,6,2,10,10.0,1.0,18.0,73,34.0,2.0,86.0,44.0,0.977
Tanoh Kpassagnon,2017.0,2.0,59.0,Edge,76,33,0.204,0.724,0.289,0.276,0.026,4.0,16,7,2,5,8.0,1.0,15.5,55,21.0,2.0,86.0,41.0,1.132
BJ Ojulari,2023.0,2.0,41.0,Edge,25,0,0.2,0.44,0.16,0.2,0.0,4.0,7,2,1,1,5.0,0.0,5.0,11,5.0,0.0,23.0,17.0,0.92
John Simon,2013.0,4.0,129.0,Edge,43,30,0.186,0.628,0.093,0.302,0.023,4.0,13,2,3,9,6.0,1.0,8.0,27,13.0,1.0,70.0,44.0,1.628
Mario Edwards,,,,Edge,97,21,0.18,0.577,0.247,,,4.0,14,7,2,4,,,17.5,56,,,,,
David Onyemata,,,,Interior,48,47,0.167,0.792,0.292,0.438,0.042,4.0,21,11,1,6,8.0,2.0,8.0,38,21.0,2.0,77.0,80.0,1.604
Alton Robinson,2020.0,5.0,148.0,Edge,30,3,0.167,0.667,0.1,0.367,0.067,4.0,11,2,0,6,6.0,1.0,5.0,20,11.0,2.0,26.0,18.0,0.867
John Cominsky,2019.0,4.0,135.0,Edge,43,20,0.163,0.907,0.372,0.256,0.023,4.0,17,8,2,7,5.0,1.0,7.0,39,11.0,1.0,46.0,48.0,1.07
Karl Brooks,,,,Interior,50,7,0.16,0.5,0.14,0.2,0.04,4.0,10,4,4,4,6.0,1.0,8.0,25,10.0,2.0,26.0,18.0,0.52
Adetomiwa Adebawore,2023.0,4.0,110.0,Interior,43,7,0.151,0.465,0.093,0.186,0.0,4.0,14,2,0,8,5.0,0.0,6.5,20,8.0,0.0,19.0,24.0,0.442
Victor Dimukeje,2021.0,6.0,210.0,Edge,27,6,0.148,0.667,0.333,0.259,0.074,4.0,11,6,0,3,5.0,1.0,4.0,18,7.0,2.0,30.0,17.0,1.111
Jonah Laulu,,,,Interior,34,22,0.147,0.471,0.176,0.324,0.0,4.0,11,5,3,3,8.0,0.0,5.0,16,11.0,0.0,39.0,47.0,1.147
Grover Stewart,,,,Interior,62,62,0.137,0.613,0.242,0.468,0.032,4.0,12,6,3,5,10.0,1.0,8.5,38,29.0,2.0,119.0,121.0,1.919
Malcolm Roach,2020.0,,,Interior,63,6,0.119,0.444,0.159,0.238,0.016,4.0,14,6,3,5,5.0,1.0,7.5,28,15.0,1.0,67.0,97.0,1.063
Greg Gaines,2019.0,4.0,134.0,Interior,74,17,0.108,0.378,0.149,0.135,0.0,4.0,9,4,0,3,6.0,0.0,8.0,28,10.0,0.0,32.0,39.0,0.432
Christian Covington,2015.0,6.0,216.0,Interior,12,2,0.292,0.833,0.25,0.417,0.0,3.5,10,3,0,3,5.0,0.0,3.5,10,5.0,0.0,8.0,7.0,0.667
Clay Matthews,,,,Edge,16,16,0.219,1.313,0.438,0.438,0.063,3.5,21,7,0,10,7.0,1.0,3.5,21,7.0,1.0,29.0,14.0,1.813
Zach Moore,2014.0,6.0,198.0,Edge,16,1,0.219,0.375,0.063,0.313,0.0,3.5,6,1,0,1,5.0,0.0,3.5,6,5.0,0.0,8.0,6.0,0.5
Darius Alexander,2025.0,3.0,65.0,Interior,16,2,0.219,0.688,0.125,0.25,0.0,3.5,11,2,1,5,4.0,0.0,3.5,11,4.0,0.0,9.0,11.0,0.563
Samuel Eguavoen,,,,Edge,16,6,0.219,0.563,0.25,,,3.5,9,4,0,1,,,3.5,9,,,,,
Mike Green,2025.0,2.0,59.0,Edge,17,2,0.206,1.118,0.588,0.412,0.0,3.5,19,10,0,5,7.0,0.0,3.5,19,7.0,0.0,17.0,24.0,1.0
Eyioma Uwazurike,2022.0,4.0,116.0,Interior,17,1,0.206,0.353,0.118,0.294,0.0,3.5,6,2,0,0,5.0,0.0,3.5,6,5.0,0.0,16.0,23.0,0.941
Ruke Orhorhoro,2024.0,2.0,35.0,Interior,17,8,0.206,0.471,0.118,0.235,0.0,3.5,8,2,1,2,4.0,0.0,3.5,8,4.0,0.0,12.0,13.0,0.706
L.J. Collier,2019.0,1.0,29.0,Edge,33,31,0.197,0.848,0.182,0.242,0.0,3.5,17,4,1,10,4.0,0.0,6.5,28,8.0,0.0,29.0,22.0,0.879
Osa Odighizuwa,,,,Interior,34,30,0.191,1.324,0.882,0.441,0.0,3.5,31,20,0,7,9.0,0.0,6.5,45,15.0,0.0,42.0,48.0,1.235
Kentavius Street,2018.0,4.0,128.0,Edge,34,2,0.191,0.471,0.147,0.324,0.029,3.5,9,3,1,2,6.0,1.0,6.5,16,11.0,1.0,28.0,28.0,0.824
Tarell Basham,2017.0,3.0,80.0,Edge,49,17,0.184,1.184,0.388,0.327,0.082,3.5,23,9,4,10,9.0,3.0,9.0,58,16.0,4.0,58.0,50.0,1.184
Dalvin Tomlinson,2017.0,2.0,55.0,Edge,78,78,0.173,0.769,0.372,0.372,0.026,3.5,15,8,3,5,10.0,1.0,13.5,60,29.0,2.0,92.0,102.0,1.179
Kevin Givens,2019.0,,,Interior,38,3,0.158,0.474,0.158,0.263,0.0,3.5,7,2,1,4,5.0,0.0,6.0,18,10.0,0.0,33.0,20.0,0.868
Roy Robertson-Harris,,,,Interior,121,79,0.14,0.81,0.38,0.256,0.0,3.5,16,8,4,7,7.0,0.0,17.0,98,31.0,0.0,133.0,100.0,1.099
Nathan Shepherd,2018.0,3.0,72.0,Interior,89,36,0.14,0.584,0.315,0.258,0.011,3.5,14,8,0,4,5.0,1.0,12.5,52,23.0,1.0,84.0,89.0,0.944
Maurice Hurst Jr.,,,,Interior,40,7,0.138,0.675,0.25,,,3.5,12,5,2,6,,,5.5,27,,,,,
Brennan Scarlett,,,,Edge,26,14,0.135,0.423,0.115,0.231,0.077,3.5,8,2,2,2,4.0,2.0,3.5,11,6.0,2.0,49.0,30.0,1.885
Jaleel Johnson,2017.0,4.0,109.0,Interior,37,4,0.122,0.297,0.081,0.216,0.0,3.5,6,1,0,2,6.0,0.0,4.5,11,8.0,0.0,26.0,26.0,0.703
Solomon Thomas,2017.0,1.0,3.0,Edge,98,19,0.107,0.724,0.235,0.204,0.031,3.5,19,6,2,13,5.0,2.0,10.5,71,20.0,3.0,94.0,71.0,0.959
Neville Gallimore,2020.0,3.0,82.0,Interior,48,17,0.104,0.375,0.125,0.229,0.0,3.5,9,3,3,3,5.0,0.0,5.0,18,11.0,0.0,37.0,45.0,0.771
Javon Kinlaw,2020.0,1.0,14.0,Interior,34,23,0.103,0.412,0.147,0.265,0.029,3.5,9,3,2,3,5.0,1.0,3.5,14,9.0,1.0,37.0,31.0,1.088
Khalen Saunders,2019.0,3.0,84.0,Interior,45,21,0.1,0.311,0.156,0.089,0.0,3.5,9,4,1,1,3.0,0.0,4.5,14,4.0,0.0,46.0,59.0,1.022
Austin Johnson,2016.0,2.0,43.0,Interior,65,36,0.062,0.323,0.092,0.138,0.015,3.5,11,3,2,4,6.0,1.0,4.0,21,9.0,1.0,66.0,75.0,1.015
Jesse Luketa,,,,Edge,10,2,0.3,0.5,0.1,0.4,0.1,3.0,5,1,1,1,4.0,1.0,3.0,5,4.0,1.0,12.0,9.0,1.2
Maason Smith,2024.0,2.0,48.0,Interior,11,5,0.273,0.545,0.091,0.273,0.0,3.0,6,1,3,2,3.0,0.0,3.0,6,3.0,0.0,10.0,7.0,0.909
Drake Jackson,2022.0,2.0,61.0,Edge,23,0,0.261,0.652,0.13,0.217,0.0,3.0,8,2,6,4,3.0,0.0,6.0,15,5.0,0.0,12.0,9.0,0.522
Derrick Harmon,2025.0,1.0,21.0,Interior,12,8,0.25,0.583,0.083,,,3.0,7,1,0,2,,,3.0,7,,,,,
Rodney Gunter,,,,Edge,13,13,0.231,1.0,0.462,0.692,0.0,3.0,13,6,0,3,9.0,0.0,3.0,13,9.0,0.0,20.0,11.0,1.538
Myjai Sanders,2022.0,3.0,100.0,Edge,13,4,0.231,0.769,0.154,0.231,0.077,3.0,10,2,2,4,3.0,1.0,3.0,10,3.0,1.0,17.0,6.0,1.308
Justin Jones,2018.0,3.0,84.0,Edge,28,28,0.214,0.679,0.143,0.607,0.0,3.0,10,2,4,5,12.0,0.0,6.0,19,17.0,0.0,47.0,42.0,1.679
Jordan Phillips,2015.0,2.0,52.0,Interior,35,18,0.2,0.686,0.257,0.229,0.0,3.0,9,5,4,4,3.0,0.0,7.0,24,8.0,0.0,33.0,24.0,0.943
Jordan Phillips,2025.0,,,Interior,35,18,0.2,0.686,0.257,0.229,0.0,3.0,9,5,4,4,3.0,0.0,7.0,24,8.0,0.0,33.0,24.0,0.943
Sam Okuayinonu,,,,Edge,31,15,0.194,0.613,0.258,0.387,0.065,3.0,10,4,0,3,6.0,1.0,6.0,19,12.0,2.0,48.0,26.0,1.548
Taylor Stallworth,2018.0,,,Interior,16,1,0.188,0.813,0.563,0.25,0.0,3.0,13,9,1,1,4.0,0.0,3.0,13,4.0,0.0,11.0,5.0,0.688
Zach Harrison,2023.0,3.0,75.0,Interior,16,0,0.188,0.563,0.063,0.25,0.0,3.0,9,1,1,5,4.0,0.0,3.0,9,4.0,0.0,18.0,15.0,1.125
Dion Jordan,2013.0,1.0,3.0,Edge,25,4,0.18,0.84,0.24,0.4,0.08,3.0,13,4,0,7,5.0,1.0,4.5,21,10.0,2.0,28.0,11.0,1.12
Josaiah Stewart,2025.0,3.0,90.0,Edge,17,0,0.176,0.412,0.176,0.176,0.059,3.0,7,3,1,1,3.0,1.0,3.0,7,3.0,1.0,13.0,9.0,0.765
Tedarrell Slaton,2021.0,5.0,173.0,Interior,17,17,0.176,0.471,0.235,,,3.0,8,4,0,1,,,3.0,8,,,,,
Naquan Jones,2021.0,,,Interior,23,1,0.174,0.391,0.13,0.261,0.0,3.0,6,2,2,2,4.0,0.0,4.0,9,6.0,0.0,17.0,26.0,0.739
Lukas Van Ness,2023.0,,,Edge,26,2,0.173,0.846,0.308,0.346,0.038,3.0,12,5,0,5,6.0,1.0,4.5,22,9.0,1.0,34.0,18.0,1.308
Aaron Lynch,2014.0,5.0,150.0,Edge,37,3,0.162,0.649,0.324,0.243,0.0,3.0,10,6,2,4,5.0,0.0,6.0,24,9.0,0.0,22.0,6.0,0.595
Pernell McPhee,,,,Edge,45,20,0.156,0.867,0.467,0.311,0.0,3.0,19,12,1,4,6.0,0.0,7.0,39,14.0,0.0,63.0,16.0,1.4
Charles Snowden,,,,Edge,31,18,0.145,0.548,0.194,0.258,0.0,3.0,11,5,4,4,5.0,0.0,4.5,17,8.0,0.0,35.0,32.0,1.129
Lawrence Guy,,,,Edge,47,47,0.138,0.489,0.128,0.234,0.0,3.0,9,3,0,4,6.0,0.0,6.5,23,11.0,0.0,90.0,77.0,1.915
Chris Williams,,,,Interior,31,1,0.129,0.355,0.161,0.129,0.0,3.0,7,4,0,2,3.0,0.0,4.0,11,4.0,0.0,23.0,14.0,0.742
DaQuan Jones,2014.0,4.0,112.0,Interior,67,67,0.127,0.701,0.239,0.284,0.03,3.0,13,6,3,6,7.0,1.0,8.5,47,19.0,2.0,68.0,53.0,1.015
Larry Ogunjobi,2017.0,3.0,65.0,Interior,48,45,0.125,0.667,0.396,0.313,0.021,3.0,11,9,2,3,7.0,1.0,6.0,32,15.0,1.0,62.0,70.0,1.292
D.J. Jones,2017.0,6.0,198.0,Interior,64,62,0.125,0.453,0.125,0.188,0.047,3.0,10,3,6,4,5.0,3.0,8.0,29,12.0,3.0,73.0,46.0,1.141
James Smith-Williams,2020.0,7.0,229.0,Interior,65,32,0.123,0.569,0.369,0.338,0.0,3.0,18,14,1,1,7.0,0.0,8.0,37,22.0,0.0,54.0,55.0,0.831
Stephen Weatherly,2016.0,7.0,227.0,Edge,25,15,0.12,1.0,0.28,0.4,0.04,3.0,16,4,0,9,8.0,1.0,3.0,25,10.0,1.0,30.0,23.0,1.2
Poona Ford,,,,Interior,86,60,0.116,0.651,0.244,0.326,0.012,3.0,14,7,2,8,8.0,1.0,10.0,56,28.0,1.0,107.0,99.0,1.244
Jonah Williams,,,,Edge,48,23,0.115,0.417,0.146,0.188,0.0,3.0,8,3,1,3,5.0,0.0,5.5,20,9.0,0.0,28.0,39.0,0.583
Adam Gotsis,2016.0,2.0,63.0,Edge,80,38,0.106,0.588,0.275,0.275,0.037,3.0,12,6,4,6,6.0,2.0,8.5,47,22.0,3.0,91.0,56.0,1.137
Brent Urban,2014.0,4.0,134.0,Interior,57,16,0.105,0.333,0.105,0.211,0.0,3.0,8,2,3,4,5.0,0.0,6.0,19,12.0,0.0,50.0,43.0,0.877
Steven Means,,,,Edge,30,25,0.1,0.767,0.167,0.267,0.067,3.0,14,3,0,7,6.0,2.0,3.0,23,8.0,2.0,45.0,36.0,1.5
Rakeem Nunez-Roches,2015.0,6.0,217.0,Interior,73,31,0.096,0.301,0.096,0.205,0.014,3.0,6,3,2,4,5.0,1.0,7.0,22,15.0,1.0,49.0,85.0,0.671
Harrison Phillips,2018.0,3.0,96.0,Interior,84,68,0.083,0.393,0.119,0.179,0.036,3.0,11,4,3,5,5.0,1.0,7.0,33,15.0,3.0,130.0,172.0,1.548
Kenny Willekes,2020.0,7.0,225.0,Edge,6,0,0.417,1.5,0.5,0.333,0.0,2.5,9,3,0,3,2.0,0.0,2.5,9,2.0,0.0,11.0,7.0,1.833
Hercules Mata'afa,2018.0,,,Edge,13,1,0.192,0.846,0.154,0.385,0.0,2.5,11,2,0,5,5.0,0.0,2.5,11,5.0,0.0,12.0,12.0,0.923
Jonah Elliss,2024.0,3.0,76.0,Edge,13,0,0.192,1.077,0.154,0.385,0.077,2.5,14,2,0,9,5.0,1.0,2.5,14,5.0,1.0,16.0,12.0,1.231
Xavier Thomas,2024.0,5.0,138.0,Edge,14,0,0.179,0.5,0.071,0.143,0.071,2.5,7,1,1,3,2.0,1.0,2.5,7,2.0,1.0,6.0,4.0,0.429
Jermaine Johnson II,2022.0,1.0,26.0,Edge,14,0,0.179,0.429,0.143,,,2.5,6,2,0,1,,,2.5,6,,,,,
Byron Cowart,2019.0,5.0,159.0,Interior,15,7,0.167,0.4,0.067,0.333,0.0,2.5,6,1,0,2,5.0,0.0,2.5,6,5.0,0.0,14.0,12.0,0.933
Jaylon Ferguson,,,,Edge,28,10,0.161,0.821,0.321,0.5,0.0,2.5,13,6,0,5,7.0,0.0,4.5,23,14.0,0.0,41.0,20.0,1.464
Anfernee Jennings,,,,Edge,16,16,0.156,0.875,0.313,0.438,0.063,2.5,14,5,0,6,7.0,1.0,2.5,14,7.0,1.0,43.0,35.0,2.688
Xavier Williams,,,,Interior,16,4,0.156,0.313,0.063,0.25,0.063,2.5,5,1,0,1,4.0,1.0,2.5,5,4.0,1.0,25.0,22.0,1.563
Isaiah McGuire,2023.0,4.0,126.0,Edge,37,12,0.149,0.595,0.27,0.486,0.108,2.5,12,6,0,3,8.0,3.0,5.5,22,18.0,4.0,40.0,32.0,1.081
Reggie Gilbert,,,,Edge,27,5,0.13,0.815,0.259,0.259,0.0,2.5,18,5,1,10,5.0,0.0,3.5,22,7.0,0.0,40.0,19.0,1.481
Corey Peters,,,,Interior,37,28,0.122,0.459,0.162,0.432,0.0,2.5,11,3,0,5,7.0,0.0,4.5,17,16.0,0.0,40.0,33.0,1.081
D.J. Reader,2016.0,5.0,166.0,Edge,45,45,0.122,0.644,0.311,,,2.5,12,7,1,4,,,5.5,29,,,,,
Grady Jarrett,2015.0,5.0,137.0,Interior,56,46,0.116,1.0,0.536,0.268,0.0,2.5,18,10,2,7,9.0,0.0,6.5,56,15.0,0.0,91.0,83.0,1.625
Sebastian Joseph-Day,,,,Interior,66,53,0.114,0.424,0.152,0.258,0.015,2.5,8,4,3,5,6.0,1.0,7.5,28,17.0,1.0,100.0,84.0,1.515
DaVon Hamilton,2020.0,3.0,73.0,Interior,50,39,0.09,0.36,0.12,0.2,0.02,2.5,8,3,2,5,5.0,1.0,4.5,18,10.0,1.0,68.0,72.0,1.36
Felix Anudike-Uzomah,2023.0,1.0,31.0,Edge,34,3,0.088,0.559,0.294,0.235,0.059,2.5,10,6,0,3,6.0,1.0,3.0,19,8.0,2.0,24.0,17.0,0.706
Cameron Thomas,2022.0,3.0,87.0,Edge,32,3,0.078,0.469,0.125,0.094,0.0,2.5,11,3,1,4,3.0,0.0,2.5,15,3.0,0.0,13.0,9.0,0.406
Angelo Blackson,2015.0,4.0,100.0,Interior,79,40,0.076,0.456,0.177,0.165,0.0,2.5,14,6,1,5,5.0,0.0,6.0,36,13.0,0.0,78.0,55.0,0.987
Desjuan Johnson,,,,Edge,6,0,0.333,1.333,0.667,0.333,0.0,2.0,8,4,0,2,2.0,0.0,2.0,8,2.0,0.0,4.0,8.0,0.667
Walter Nolen,2025.0,1.0,16.0,Interior,6,0,0.333,1.167,0.5,,,2.0,7,3,2,2,,,2.0,7,,,,,
Jordan Willis,2017.0,3.0,73.0,Edge,9,0,0.222,0.444,0.222,0.333,0.111,2.0,4,2,0,0,3.0,1.0,2.0,4,3.0,1.0,6.0,6.0,0.667
Payton Turner,2021.0,1.0,28.0,Edge,29,0,0.172,0.724,0.138,0.379,0.069,2.0,9,2,1,6,5.0,2.0,5.0,21,11.0,2.0,30.0,19.0,1.034
Jeremiah Ledbetter,2017.0,6.0,205.0,Interior,18,3,0.167,0.389,0.167,0.444,0.0,2.0,4,2,0,1,8.0,0.0,3.0,7,8.0,0.0,20.0,18.0,1.111
C.J. Brewer,,,,Interior,12,0,0.167,0.25,0.083,0.25,0.0,2.0,3,1,2,0,3.0,0.0,2.0,3,3.0,0.0,7.0,5.0,0.583
Cedric Johnson,2024.0,6.0,214.0,Edge,18,0,0.167,1.0,0.333,0.111,0.0,2.0,13,3,0,8,2.0,0.0,3.0,18,2.0,0.0,11.0,9.0,0.611
Mike Daniels,,,,Interior,19,11,0.158,0.895,0.105,0.211,0.0,2.0,14,1,0,11,3.0,0.0,3.0,17,4.0,0.0,16.0,12.0,0.842
Tershawn Wharton,,,,Edge,47,11,0.149,0.574,0.234,0.191,0.021,2.0,8,4,0,4,5.0,1.0,7.0,27,9.0,1.0,32.0,52.0,0.681
Ross Blacklock,2020.0,2.0,40.0,Interior,14,2,0.143,0.929,0.286,0.143,0.071,2.0,13,4,1,7,2.0,1.0,2.0,13,2.0,1.0,14.0,8.0,1.0
Josh Paschal,,,,Edge,36,18,0.139,0.778,0.278,0.333,0.0,2.0,17,6,1,9,5.0,0.0,5.0,28,12.0,0.0,42.0,20.0,1.167
Kendal Vickers,,,,Edge,15,2,0.133,0.333,0.067,0.2,0.0,2.0,5,1,0,1,3.0,0.0,2.0,5,3.0,0.0,5.0,5.0,0.333
Branden Jackson,2016.0,,,Edge,15,3,0.133,0.467,0.067,0.133,0.0,2.0,7,1,1,4,2.0,0.0,2.0,7,2.0,0.0,14.0,6.0,0.933
Boogie Basham,,,,Edge,15,0,0.133,0.733,0.2,,,2.0,11,3,1,6,,,2.0,11,,,,,
Derrek Tuszka,2020.0,7.0,254.0,Edge,15,0,0.133,0.333,0.067,,,2.0,5,1,0,2,,,2.0,5,,,,,
K.J. Wright,,,,Edge,16,16,0.125,0.375,0.063,0.75,0.063,2.0,6,1,3,3,12.0,1.0,2.0,6,12.0,1.0,60.0,26.0,3.75
Levi Drake Rodriguez,,,,Interior,16,2,0.125,0.313,0.125,0.5,0.0,2.0,5,2,1,1,8.0,0.0,2.0,5,8.0,0.0,19.0,24.0,1.188
Al Woods,,,,Interior,36,30,0.125,0.5,0.139,0.306,0.0,2.0,10,3,3,5,5.0,0.0,4.5,18,11.0,0.0,57.0,38.0,1.583
Larrell Murchison,2020.0,5.0,174.0,Edge,16,0,0.125,0.25,0.063,0.125,0.0,2.0,4,1,0,1,2.0,0.0,2.0,4,2.0,0.0,2.0,6.0,0.125
Jeremiah Pharms,,,,Interior,16,5,0.125,0.563,0.188,,,2.0,9,3,0,4,,,2.0,9,,,,,
Joshua Uche,,,,Edge,25,1,0.12,0.4,0.08,0.16,0.0,2.0,6,1,1,3,2.0,0.0,3.0,10,4.0,0.0,31.0,15.0,1.24
Donovan Ezeiruaku,2025.0,2.0,44.0,Edge,17,9,0.118,1.529,0.588,0.412,0.059,2.0,26,10,0,14,7.0,1.0,2.0,26,7.0,1.0,20.0,20.0,1.176
Malcom Brown,2015.0,1.0,32.0,Interior,17,17,0.118,0.471,0.059,0.235,0.0,2.0,8,1,1,5,4.0,0.0,2.0,8,4.0,0.0,30.0,27.0,1.765
DeAngelo Malone,2022.0,3.0,82.0,Edge,17,0,0.118,0.294,0.059,0.176,0.0,2.0,5,1,0,2,3.0,0.0,2.0,5,3.0,0.0,8.0,8.0,0.471
Elijah Roberts,2025.0,5.0,157.0,Interior,17,9,0.118,0.588,0.118,0.118,0.0,2.0,10,2,3,5,2.0,0.0,2.0,10,2.0,0.0,10.0,4.0,0.588
Kenneth Grant,2025.0,1.0,13.0,Interior,17,5,0.118,0.588,0.118,0.118,0.0,2.0,10,2,1,5,2.0,0.0,2.0,10,2.0,0.0,15.0,18.0,0.882
Hassan Ridgeway,2016.0,4.0,116.0,Interior,17,1,0.118,0.412,0.176,0.059,0.059,2.0,7,3,0,2,1.0,1.0,2.0,7,1.0,1.0,10.0,10.0,0.588
Chris Rumph,2021.0,4.0,118.0,Edge,17,0,0.118,0.353,0.118,,,2.0,6,2,1,2,,,2.0,6,,,,,
Cameron Sample,2021.0,,,Edge,61,5,0.115,0.672,0.279,0.098,0.016,2.0,14,6,1,6,4.0,1.0,7.0,41,6.0,1.0,26.0,16.0,0.426
Khalil Davis,2020.0,6.0,194.0,Interior,27,1,0.111,0.481,0.222,0.37,0.037,2.0,10,5,1,3,6.0,1.0,3.0,13,10.0,1.0,23.0,21.0,0.852
Linval Joseph,,,,Interior,38,12,0.105,0.263,0.079,0.158,0.026,2.0,5,1,0,3,3.0,1.0,4.0,10,6.0,1.0,46.0,42.0,1.211
T'Vondre Sweat,2024.0,2.0,38.0,Interior,29,28,0.103,0.448,0.138,0.276,0.034,2.0,7,2,1,4,4.0,1.0,3.0,13,8.0,1.0,38.0,47.0,1.31
Javon Solomon,2024.0,5.0,168.0,Edge,31,1,0.097,0.323,0.161,0.097,0.032,2.0,8,4,0,2,3.0,1.0,3.0,10,3.0,1.0,9.0,4.0,0.29
Kyle Peko,,,,Interior,21,13,0.095,0.381,0.19,0.19,0.048,2.0,4,2,0,2,2.0,1.0,2.0,8,4.0,1.0,19.0,13.0,0.905
David Ojabo,2022.0,2.0,45.0,Edge,27,0,0.093,0.444,0.185,0.074,0.0,2.0,9,4,0,3,2.0,0.0,2.5,12,2.0,0.0,5.0,4.0,0.185
Taven Bryan,2018.0,1.0,29.0,Interior,53,7,0.085,0.377,0.17,0.208,0.0,2.0,10,6,0,2,4.0,0.0,4.5,20,11.0,0.0,34.0,21.0,0.642
Broderick Washington Jr.,,,,Interior,47,16,0.085,0.319,0.17,,,2.0,7,3,6,2,,,4.0,15,,,,,
Zach Kerr,2014.0,,,Interior,25,7,0.08,0.68,0.32,0.28,0.04,2.0,13,6,1,3,5.0,1.0,2.0,17,7.0,1.0,24.0,27.0,0.96
Shilique Calhoun,2016.0,3.0,75.0,Edge,25,1,0.08,0.56,0.16,0.16,0.12,2.0,8,3,0,4,3.0,2.0,2.0,14,4.0,3.0,19.0,8.0,0.76
Jack Crawford,,,,Edge,32,13,0.078,0.625,0.344,0.156,0.031,2.0,11,8,1,5,3.0,1.0,2.5,20,5.0,1.0,26.0,26.0,0.813
Folorunso Fatukasi,,,,Interior,59,37,0.076,0.39,0.136,0.373,0.017,2.0,9,3,3,4,9.0,1.0,4.5,23,22.0,1.0,65.0,52.0,1.102
Sheldon Day,2016.0,4.0,103.0,Interior,40,2,0.075,0.425,0.075,0.175,0.0,2.0,12,1,1,9,3.0,0.0,3.0,17,7.0,0.0,31.0,19.0,0.775
Tyson Alualu,,,,Interior,48,17,0.073,0.375,0.146,0.25,0.042,2.0,8,4,2,3,7.0,1.0,3.5,18,12.0,2.0,39.0,41.0,0.813
Shy Tuttle,,,,Interior,29,4,0.069,0.31,0.069,0.241,0.0,2.0,6,1,3,2,4.0,0.0,2.0,9,7.0,0.0,25.0,21.0,0.862
Jalyn Holmes,2018.0,4.0,102.0,Interior,30,9,0.067,0.5,0.167,0.267,0.0,2.0,12,4,1,8,6.0,0.0,2.0,15,8.0,0.0,27.0,27.0,0.9
Derick Hall,2023.0,2.0,37.0,Edge,31,3,0.065,0.839,0.516,0.194,0.0,2.0,21,12,1,7,3.0,0.0,2.0,26,6.0,0.0,29.0,39.0,0.935
Roy Lopez,2021.0,,,Interior,47,21,0.064,0.426,0.106,0.213,0.021,2.0,8,2,3,5,4.0,1.0,3.0,20,10.0,1.0,43.0,57.0,0.915
Michael Pierce,,,,Interior,56,34,0.063,0.375,0.089,0.214,0.018,2.0,9,2,2,5,5.0,1.0,3.5,21,12.0,1.0,69.0,59.0,1.232
Davon Godchaux,,,,Interior,101,97,0.045,0.277,0.109,0.149,0.02,2.0,8,4,1,3,5.0,1.0,4.5,28,15.0,2.0,152.0,216.0,1.505
Jayden Peevy,2022.0,,,Interior,4,0,0.375,1.0,0.5,,,1.5,4,2,1,0,,,1.5,4,,,,,
Derick Roberson,,,,Edge,5,0,0.3,1.6,0.4,0.6,0.0,1.5,8,2,0,4,3.0,0.0,1.5,8,3.0,0.0,6.0,5.0,1.2
Malik Herring,2021.0,,,Edge,7,1,0.214,0.571,0.143,0.286,0.143,1.5,4,1,1,1,2.0,1.0,1.5,4,2.0,1.0,7.0,3.0,1.0
Jessie Lemonier,,,,Edge,7,2,0.214,0.857,0.143,,,1.5,6,1,0,3,,,1.5,6,,,,,
McTelvin Agim,2020.0,3.0,95.0,Interior,7,0,0.214,0.429,0.143,,,1.5,3,1,1,0,,,1.5,3,,,,,
Zeek Biggers,2025.0,,,Interior,9,0,0.167,0.556,0.222,,,1.5,5,2,0,1,,,1.5,5,,,,,
Corey Liuget,,,,Interior,22,4,0.159,0.545,0.227,0.636,0.0,1.5,7,3,0,2,6.0,0.0,3.5,12,14.0,0.0,21.0,10.0,0.955
Michael Hall,,,,Interior,17,3,0.147,0.941,0.353,,,1.5,11,4,0,6,,,2.5,16,,,,,
Trent Harris,,,,Interior,11,3,0.136,0.455,0.091,0.182,0.091,1.5,5,1,0,2,2.0,1.0,1.5,5,2.0,1.0,16.0,6.0,1.455
Chris Smith,2014.0,5.0,159.0,Edge,28,2,0.125,0.75,0.179,0.286,0.036,1.5,10,3,0,6,7.0,1.0,3.5,21,8.0,1.0,18.0,11.0,0.643
Joe Jackson,2019.0,5.0,165.0,Edge,12,0,0.125,0.25,0.083,0.25,0.0,1.5,3,1,0,0,3.0,0.0,1.5,3,3.0,0.0,9.0,7.0,0.75
Brian Orakpo,,,,Edge,13,13,0.115,1.154,0.154,0.462,0.077,1.5,15,2,0,11,6.0,1.0,1.5,15,6.0,1.0,18.0,10.0,1.385
Derek Rivers,2017.0,3.0,83.0,Edge,13,0,0.115,0.462,0.154,0.231,0.0,1.5,6,2,0,2,3.0,0.0,1.5,6,3.0,0.0,2.0,3.0,0.154
Andre Branch,,,,Edge,14,1,0.107,0.929,0.214,0.5,0.071,1.5,13,3,0,8,7.0,1.0,1.5,13,7.0,1.0,17.0,8.0,1.214
Barryn Sorrell,2025.0,4.0,124.0,Interior,14,1,0.107,0.286,0.071,,,1.5,4,1,0,1,,,1.5,4,,,,,
Kris Jenkins,2024.0,2.0,49.0,Interior,14,4,0.107,0.286,0.071,,,1.5,4,1,1,1,,,1.5,4,,,,,
Leonard Taylor,2024.0,,,Interior,14,0,0.107,0.286,0.143,,,1.5,4,2,1,0,,,1.5,4,,,,,
Dominique Robinson,2022.0,5.0,174.0,Interior,29,7,0.103,0.414,0.069,0.172,0.0,1.5,8,1,1,5,3.0,0.0,3.0,12,5.0,0.0,31.0,18.0,1.069
Dont'a Hightower,,,,Edge,15,15,0.1,0.6,0.067,0.067,0.0,1.5,9,1,1,6,1.0,0.0,1.5,9,1.0,0.0,39.0,25.0,2.6
Jonathan Ledbetter,2019.0,,,Edge,26,15,0.096,0.269,0.115,0.077,0.0,1.5,5,2,0,1,2.0,0.0,2.5,7,2.0,0.0,10.0,12.0,0.385
Levi Onwuzurike,2021.0,2.0,41.0,Interior,26,10,0.096,0.923,0.462,,,1.5,22,11,0,8,,,2.5,24,,,,,
Kareem Martin,2014.0,3.0,84.0,Edge,16,7,0.094,1.0,0.5,0.438,0.0,1.5,16,8,0,6,7.0,0.0,1.5,16,7.0,0.0,22.0,26.0,1.375
Anthony Chickillo,2015.0,6.0,212.0,Edge,16,0,0.094,0.313,0.063,0.375,0.0,1.5,5,1,0,2,6.0,0.0,1.5,5,6.0,0.0,12.0,12.0,0.75
Breeland Speaks,2018.0,2.0,46.0,Interior,16,4,0.094,0.813,0.25,0.25,0.063,1.5,13,4,0,7,4.0,1.0,1.5,13,4.0,1.0,15.0,9.0,0.938
Tyrice Knight,,,,Edge,16,9,0.094,0.313,0.125,0.188,0.0,1.5,5,2,1,1,3.0,0.0,1.5,5,3.0,0.0,41.0,47.0,2.563
Wes Horton,,,,Edge,16,8,0.094,0.625,0.063,0.188,0.0,1.5,10,1,0,5,3.0,0.0,1.5,10,3.0,0.0,15.0,9.0,0.938
Princely Umanmielen,2025.0,3.0,77.0,Edge,16,0,0.094,0.313,0.125,0.125,0.063,1.5,5,2,0,1,2.0,1.0,1.5,5,2.0,1.0,13.0,11.0,0.813
Jonathan Garvin,2020.0,7.0,242.0,Edge,16,1,0.094,0.688,0.25,,,1.5,11,4,0,5,,,1.5,11,,,,,
Ashton Gillotte,2025.0,3.0,66.0,Edge,17,2,0.088,0.588,0.294,0.176,0.0,1.5,10,5,0,2,3.0,0.0,1.5,10,3.0,0.0,14.0,24.0,0.824
Kyle Phillips,,,,Edge,29,8,0.086,0.517,0.172,0.483,0.0,1.5,9,2,0,5,9.0,0.0,2.5,15,14.0,0.0,34.0,31.0,1.172
Bryan Mone,,,,Interior,24,5,0.083,0.25,0.125,0.083,0.0,1.5,4,2,0,0,2.0,0.0,2.0,6,2.0,0.0,3.0,6.0,0.125
Christian Ringo,,,,Edge,19,4,0.079,0.421,0.211,0.263,0.053,1.5,5,3,0,2,3.0,1.0,1.5,8,5.0,1.0,18.0,18.0,0.947
Da'Shawn Hand,,,,Interior,46,15,0.076,0.348,0.174,0.239,0.022,1.5,7,3,2,2,5.0,1.0,3.5,16,11.0,1.0,44.0,33.0,0.957
Tommy Togiai,2021.0,4.0,132.0,Interior,27,8,0.074,0.333,0.111,0.222,0.0,1.5,6,2,3,2,6.0,0.0,2.0,9,6.0,0.0,27.0,32.0,1.0
Chris Braswell,2024.0,2.0,57.0,Edge,34,0,0.074,0.5,0.235,0.118,0.0,1.5,12,5,0,5,4.0,0.0,2.5,17,4.0,0.0,21.0,9.0,0.618
Jonathan Bullard,2016.0,3.0,72.0,Edge,38,30,0.066,0.368,0.211,0.474,0.0,1.5,9,5,2,2,7.0,0.0,2.5,14,18.0,0.0,52.0,34.0,1.368
Benito Jones,2020.0,,,Edge,51,30,0.049,0.275,0.157,0.137,0.0,1.5,7,4,1,2,4.0,0.0,2.5,14,7.0,0.0,22.0,28.0,0.431
Kyle Love,,,,Interior,31,3,0.048,0.355,0.097,0.161,0.097,1.5,8,2,1,4,3.0,3.0,1.5,11,5.0,3.0,17.0,10.0,0.548
Teair Tart,,,,Interior,61,43,0.041,0.361,0.164,0.262,0.033,1.5,12,5,5,5,5.0,1.0,2.5,22,16.0,2.0,67.0,44.0,1.098
Mike Purcell,,,,Interior,59,31,0.025,0.339,0.186,0.203,0.0,1.5,7,4,2,4,9.0,0.0,1.5,20,12.0,0.0,77.0,74.0,1.305
Tim Ward,,,,Edge,1,1,1.0,2.0,1.0,,,1.0,2,1,0,0,,,1.0,2,,,,,
David Irving,,,,Interior,2,0,0.5,1.5,0.5,1.0,0.0,1.0,3,1,0,1,2.0,0.0,1.0,3,2.0,0.0,3.0,1.0,1.5
Adolphus Washington,2016.0,3.0,80.0,Interior,4,0,0.25,0.5,0.25,,,1.0,2,1,0,0,,,1.0,2,,,,,
Nate Orchard,2015.0,2.0,51.0,Edge,5,0,0.2,0.8,0.2,0.4,0.0,1.0,4,1,1,2,2.0,0.0,1.0,4,2.0,0.0,8.0,6.0,1.6
Omarr Norman-Lott,2025.0,2.0,63.0,Interior,5,1,0.2,0.6,0.0,,,1.0,3,0,0,2,,,1.0,3,,,,,
Sam Roberts,,,,Interior,5,1,0.2,0.4,0.2,,,1.0,2,1,0,0,,,1.0,2,,,,,
Trevon Coley,,,,Interior,6,2,0.167,0.333,0.167,0.667,0.0,1.0,2,1,0,0,4.0,0.0,1.0,2,4.0,0.0,9.0,5.0,1.5
Jonathan Woodard,,,,Edge,6,0,0.167,0.667,0.167,0.5,0.0,1.0,4,1,0,2,3.0,0.0,1.0,4,3.0,0.0,8.0,2.0,1.333
Destiny Vaeao,,,,Interior,6,3,0.167,0.5,0.167,,,1.0,3,1,0,1,,,1.0,3,,,,,
Kevin Strong,,,,Interior,6,1,0.167,0.333,0.167,,,1.0,2,1,0,0,,,1.0,2,,,,,
Markees Watts,,,,Edge,7,0,0.143,0.286,0.143,,,1.0,2,1,0,0,,,1.0,2,,,,,
Marquis Haynes,2018.0,4.0,136.0,Edge,7,1,0.143,0.286,0.143,,,1.0,2,1,0,0,,,1.0,2,,,,,
Myles Adams,,,,Interior,7,0,0.143,0.429,0.143,,,1.0,3,1,0,1,,,1.0,3,,,,,
Shemar Stewart,2025.0,1.0,17.0,Edge,8,5,0.125,0.75,0.375,0.25,0.0,1.0,6,3,1,2,2.0,0.0,1.0,6,2.0,0.0,5.0,6.0,0.625
Justin Zimmer,,,,Interior,18,0,0.111,0.833,0.5,0.333,0.056,1.0,9,6,0,2,4.0,1.0,2.0,15,6.0,1.0,15.0,14.0,0.833
Mykel Williams,2025.0,1.0,11.0,Edge,9,9,0.111,0.444,0.222,0.444,0.0,1.0,4,2,0,1,4.0,0.0,1.0,4,4.0,0.0,11.0,9.0,1.222
Marlon Tuipulotu,,,,Interior,9,1,0.111,0.333,0.111,,,1.0,3,1,0,1,,,1.0,3,,,,,
Patrick Johnson,2021.0,7.0,234.0,Edge,9,0,0.111,0.222,0.111,,,1.0,2,1,0,0,,,1.0,2,,,,,
Zach VanValkenburg,,,,Edge,9,0,0.111,0.222,0.111,,,1.0,2,1,0,0,,,1.0,2,,,,,
Carlos Watkins,2017.0,4.0,142.0,Interior,10,1,0.1,0.4,0.1,0.2,0.0,1.0,4,1,1,2,2.0,0.0,1.0,4,2.0,0.0,10.0,13.0,1.0
P.J. Hall,,,,Edge,10,9,0.1,0.5,0.1,0.2,0.0,1.0,5,1,0,3,2.0,0.0,1.0,5,2.0,0.0,18.0,16.0,1.8
Damontre Moore,2013.0,3.0,81.0,Edge,10,0,0.1,0.8,0.7,0.1,0.1,1.0,8,7,0,0,1.0,1.0,1.0,8,1.0,1.0,6.0,3.0,0.6
Isaiah Thomas,2022.0,7.0,223.0,Edge,10,0,0.1,0.4,0.1,,,1.0,4,1,2,2,,,1.0,4,,,,,
Tyler Lacy,2023.0,4.0,130.0,Interior,10,4,0.1,0.4,0.1,,,1.0,4,1,0,2,,,1.0,4,,,,,
Janarius Robinson,,,,Edge,16,3,0.094,0.313,0.125,,,1.0,3,1,1,1,,,1.5,5,,,,,
Leki Fotu,2020.0,4.0,114.0,Interior,11,0,0.091,0.636,0.182,0.455,0.0,1.0,7,2,0,4,5.0,0.0,1.0,7,5.0,0.0,6.0,5.0,0.545
Tomon Fox,,,,Edge,11,0,0.091,0.273,0.182,0.182,0.0,1.0,3,2,0,0,2.0,0.0,1.0,3,2.0,0.0,7.0,7.0,0.636
Shaq Thompson,2015.0,1.0,25.0,Edge,12,6,0.083,0.25,0.167,0.5,0.083,1.0,3,2,0,0,6.0,1.0,1.0,3,6.0,1.0,33.0,23.0,2.75
DeMarvin Leal,2022.0,3.0,84.0,Edge,12,4,0.083,0.167,0.083,0.167,0.0,1.0,2,1,1,0,2.0,0.0,1.0,2,2.0,0.0,10.0,5.0,0.833
Evan Anderson,,,,Interior,12,1,0.083,0.25,0.167,0.167,0.083,1.0,3,2,0,0,2.0,1.0,1.0,3,2.0,1.0,13.0,11.0,1.083
Braiden McGregor,2024.0,,,Edge,12,0,0.083,0.417,0.083,,,1.0,5,1,1,3,,,1.0,5,,,,,
Duke Ejiofor,2018.0,6.0,177.0,Edge,12,0,0.083,0.417,0.083,,,1.0,5,1,0,3,,,1.0,5,,,,,
Javontae Jean-Baptiste,2024.0,7.0,222.0,Edge,12,1,0.083,0.333,0.083,,,1.0,4,1,0,2,,,1.0,4,,,,,
Trysten Hill,2019.0,2.0,58.0,Interior,19,0,0.079,0.632,0.368,0.263,0.0,1.0,6,5,0,3,5.0,0.0,1.5,12,5.0,0.0,10.0,2.0,0.526
Daniel Ross,,,,Interior,13,0,0.077,0.462,0.385,0.385,0.077,1.0,6,5,0,0,5.0,1.0,1.0,6,5.0,1.0,6.0,8.0,0.462
Julian Okwara,2020.0,3.0,67.0,Edge,13,1,0.077,0.308,0.077,0.231,0.0,1.0,4,1,0,2,3.0,0.0,1.0,4,3.0,0.0,10.0,8.0,0.769
Margus Hunt,2013.0,2.0,53.0,Edge,13,1,0.077,0.385,0.231,0.154,0.0,1.0,5,3,2,1,2.0,0.0,1.0,5,2.0,0.0,7.0,2.0,0.538
Matt Longacre,,,,Edge,13,7,0.077,0.615,0.231,,,1.0,8,3,0,4,,,1.0,8,,,,,
Antwaun Woods,2016.0,,,Interior,14,7,0.071,0.214,0.071,0.071,0.0,1.0,3,1,0,1,1.0,0.0,1.0,3,1.0,0.0,7.0,16.0,0.5
CJ West,2025.0,4.0,113.0,Interior,14,0,0.071,0.214,0.0,,,1.0,3,0,0,2,,,1.0,3,,,,,
Eric Johnson,,,,Interior,14,0,0.071,0.214,0.071,,,1.0,3,1,0,0,,,1.0,3,,,,,
Darius Robinson,2024.0,1.0,27.0,Edge,15,12,0.067,0.333,0.067,0.267,0.0,1.0,5,1,0,3,4.0,0.0,1.0,5,4.0,0.0,15.0,28.0,1.0
Marquise Copeland,,,,Interior,15,9,0.067,0.2,0.067,0.133,0.0,1.0,3,1,0,1,2.0,0.0,1.0,3,2.0,0.0,16.0,15.0,1.067
Darryl Johnson,2019.0,7.0,225.0,Edge,31,0,0.065,0.323,0.097,0.226,0.0,1.0,5,2,0,3,4.0,0.0,2.0,10,7.0,0.0,21.0,8.0,0.677
Adetokunbo Ogundeji,2021.0,5.0,182.0,Edge,16,11,0.063,0.375,0.063,0.313,0.0,1.0,6,1,1,4,5.0,0.0,1.0,6,5.0,0.0,18.0,15.0,1.125
Jacob Tuioti-Mariner,,,,Interior,16,0,0.063,0.938,0.25,0.188,0.063,1.0,15,4,1,9,3.0,1.0,1.0,15,3.0,1.0,24.0,7.0,1.5
Daniel Ekuale,,,,Edge,16,16,0.063,0.25,0.063,0.125,0.0,1.0,4,1,0,1,2.0,0.0,1.0,4,2.0,0.0,24.0,28.0,1.5
LaBryan Ray,2022.0,,,Edge,16,9,0.063,0.188,0.063,0.125,0.0,1.0,3,1,0,1,2.0,0.0,1.0,3,2.0,0.0,15.0,26.0,0.938
Brandon Dunn,,,,Edge,16,6,0.063,0.25,0.125,0.063,0.0,1.0,4,2,0,1,1.0,0.0,1.0,4,1.0,0.0,11.0,14.0,0.688
Alfred Collins,2025.0,2.0,43.0,Interior,16,1,0.063,0.375,0.188,,,1.0,6,3,1,2,,,1.0,6,,,,,
Brooks Reed,,,,Edge,16,8,0.063,0.438,0.063,,,1.0,7,1,0,5,,,1.0,7,,,,,
Michael Dogbe,,,,Edge,16,1,0.063,0.188,0.063,,,1.0,3,1,0,1,,,1.0,3,,,,,
Jordyn Brooks,,,,Edge,17,17,0.059,0.353,0.118,0.588,0.0,1.0,6,2,0,3,10.0,0.0,1.0,6,10.0,0.0,109.0,75.0,6.412
Deone Walker,2025.0,4.0,109.0,Interior,17,16,0.059,0.412,0.118,0.471,0.0,1.0,7,2,4,3,8.0,0.0,1.0,7,8.0,0.0,17.0,22.0,1.0
Jamaree Caldwell,2025.0,3.0,86.0,Interior,17,5,0.059,0.176,0.0,0.294,0.059,1.0,3,0,1,2,5.0,1.0,1.0,3,5.0,1.0,14.0,17.0,0.824
Johnathan Hankins,2013.0,2.0,49.0,Interior,17,8,0.059,0.118,0.059,0.294,0.0,1.0,2,1,0,0,5.0,0.0,1.0,2,5.0,0.0,15.0,15.0,0.882
John Jenkins,2013.0,3.0,82.0,Interior,17,17,0.059,0.176,0.059,0.235,0.0,1.0,3,1,3,1,4.0,0.0,1.0,3,4.0,0.0,24.0,37.0,1.412
Jack Sawyer,2025.0,4.0,123.0,Edge,17,1,0.059,0.647,0.294,0.176,0.0,1.0,11,5,3,5,3.0,0.0,1.0,11,3.0,0.0,16.0,18.0,0.941
Mazi Smith,2023.0,1.0,26.0,Interior,17,3,0.059,0.176,0.118,0.176,0.0,1.0,3,2,0,0,3.0,0.0,1.0,3,3.0,0.0,9.0,4.0,0.529
Elijah Chatman,,,,Interior,17,3,0.059,0.235,0.118,0.118,0.0,1.0,4,2,0,1,2.0,0.0,1.0,4,2.0,0.0,11.0,10.0,0.647
Tyleik Williams,2025.0,1.0,28.0,Interior,17,10,0.059,0.176,0.118,0.118,0.0,1.0,3,2,3,0,2.0,0.0,1.0,3,2.0,0.0,8.0,10.0,0.471
Jordan Burch,2025.0,3.0,78.0,Edge,17,0,0.059,0.471,0.0,,,1.0,8,0,2,7,,,1.0,8,,,,,
Jordan Jackson,2022.0,6.0,194.0,Interior,17,0,0.059,0.118,0.059,,,1.0,2,1,0,0,,,1.0,2,,,,,
Tyler Davis,2024.0,6.0,196.0,Edge,17,1,0.059,0.471,0.059,,,1.0,8,1,2,6,,,1.0,8,,,,,
Zacch Pickens,2023.0,3.0,64.0,Interior,26,3,0.058,0.192,0.077,,,1.0,3,1,1,1,,,1.5,5,,,,,
Porter Gustin,2019.0,,,Edge,20,3,0.05,0.5,0.15,0.15,0.0,1.0,7,2,0,5,3.0,0.0,1.0,10,3.0,0.0,13.0,17.0,0.65
Khalid Kareem,2020.0,5.0,147.0,Edge,20,0,0.05,0.3,0.1,0.05,0.0,1.0,4,1,1,2,1.0,0.0,1.0,6,1.0,0.0,3.0,4.0,0.15
Kurt Hinish,,,,Interior,32,4,0.047,0.188,0.063,0.25,0.0,1.0,3,1,0,1,6.0,0.0,1.5,6,8.0,0.0,22.0,23.0,0.688
Raekwon Davis,2020.0,2.0,56.0,Interior,33,22,0.045,0.394,0.182,0.061,0.0,1.0,9,5,0,3,2.0,0.0,1.5,13,2.0,0.0,15.0,13.0,0.455
Eddie Goldman,2015.0,2.0,39.0,Interior,45,31,0.044,0.244,0.089,0.156,0.0,1.0,6,2,0,4,4.0,0.0,2.0,11,7.0,0.0,37.0,34.0,0.822
James Lynch,2020.0,4.0,130.0,Interior,34,1,0.044,0.206,0.088,0.059,0.0,1.0,4,2,1,1,2.0,0.0,1.5,7,2.0,0.0,6.0,14.0,0.176
Andrew Billings,2016.0,4.0,122.0,Interior,50,45,0.04,0.3,0.16,0.28,0.0,1.0,7,4,0,2,6.0,0.0,2.0,15,14.0,0.0,49.0,44.0,0.98
Jonathan Harris,,,,Interior,25,9,0.04,0.16,0.12,0.24,0.0,1.0,3,2,0,0,4.0,0.0,1.0,4,6.0,0.0,39.0,24.0,1.56
Mike Pennel,,,,Interior,25,2,0.04,0.32,0.12,0.2,0.04,1.0,4,2,1,2,3.0,1.0,1.0,8,5.0,1.0,29.0,21.0,1.16
Deadrin Senat,2018.0,3.0,90.0,Interior,27,2,0.037,0.259,0.148,0.185,0.0,1.0,5,3,0,2,3.0,0.0,1.0,7,5.0,0.0,25.0,22.0,0.926
Damion Square,2013.0,,,Edge,40,6,0.037,0.25,0.1,0.1,0.0,1.0,5,2,1,2,2.0,0.0,1.5,10,4.0,0.0,24.0,23.0,0.6
Ta'Quon Graham,2021.0,5.0,148.0,Edge,28,7,0.036,0.143,0.071,0.071,0.0,1.0,2,1,0,1,2.0,0.0,1.0,4,2.0,0.0,8.0,7.0,0.286
Brandon Williams,2013.0,3.0,94.0,Interior,45,40,0.033,0.289,0.133,0.244,0.0,1.0,4,3,2,3,4.0,0.0,1.5,13,11.0,0.0,48.0,56.0,1.067
Michael Dwumfour,,,,Interior,3,1,0.167,1.0,0.667,0.667,0.0,0.5,3,2,0,0,2.0,0.0,0.5,3,2.0,0.0,3.0,2.0,1.0
Esezi Otomewo,2022.0,5.0,165.0,Interior,4,2,0.125,0.75,0.25,,,0.5,3,1,0,1,,,0.5,3,,,,,
Bryan Cox Jr.,2017.0,,,Edge,6,2,0.083,1.333,0.667,,,0.5,8,4,0,3,,,0.5,8,,,,,
Quandarrius Robinson,,,,Edge,6,0,0.083,0.833,0.333,,,0.5,5,2,1,2,,,0.5,5,,,,,
Daviyon Nixon,2021.0,5.0,158.0,Interior,7,0,0.071,0.429,0.143,,,0.5,3,1,0,1,,,0.5,3,,,,,
Tyrus Wheat,2023.0,,,Edge,8,0,0.063,0.75,0.125,,,0.5,6,1,0,4,,,0.5,6,,,,,
Caraun Reid,2014.0,5.0,158.0,Interior,10,1,0.05,0.4,0.2,0.3,0.1,0.5,4,2,0,1,3.0,1.0,0.5,4,3.0,1.0,6.0,4.0,0.6
Danny Striggow,,,,Interior,10,2,0.05,0.5,0.2,,,0.5,5,2,0,2,,,0.5,5,,,,,
Warren Brinson,2025.0,,,Interior,11,1,0.045,0.455,0.182,,,0.5,5,2,0,2,,,0.5,5,,,,,
Steve McLendon,,,,Interior,12,0,0.042,0.5,0.417,0.083,0.083,0.5,6,5,0,0,1.0,1.0,0.5,6,1.0,1.0,7.0,4.0,0.583
Derrick Morgan,,,,Edge,13,12,0.038,1.231,0.308,0.077,0.0,0.5,16,4,0,11,1.0,0.0,0.5,16,1.0,0.0,19.0,6.0,1.462
Perrion Winfrey,2022.0,4.0,108.0,Interior,13,0,0.038,0.231,0.077,,,0.5,3,1,2,1,,,0.5,3,,,,,
Michael Johnson,,,,Edge,15,15,0.033,0.667,0.067,0.133,0.0,0.5,10,1,0,8,2.0,0.0,0.5,10,2.0,0.0,18.0,15.0,1.2
Armon Watts,2019.0,6.0,190.0,Interior,31,0,0.032,0.387,0.097,,,0.5,7,2,0,4,,,1.0,12,,,,,
T.Y. McGill,,,,Interior,16,0,0.031,0.438,0.25,0.375,0.0,0.5,4,2,0,1,4.0,0.0,0.5,7,6.0,0.0,8.0,9.0,0.5
Arron Mosby,,,,Interior,16,0,0.031,0.25,0.063,,,0.5,4,1,1,2,,,0.5,4,,,,,
Domata Peko,,,,Interior,16,16,0.031,0.188,0.125,,,0.5,3,2,0,0,,,0.5,3,,,,,
Dylan Horton,2023.0,4.0,109.0,Edge,16,0,0.031,0.313,0.188,,,0.5,5,3,0,1,,,0.5,5,,,,,
Jordan Elliott,2020.0,3.0,88.0,Interior,16,3,0.031,0.313,0.125,,,0.5,5,2,0,2,,,0.5,5,,,,,
Mason Graham,2025.0,1.0,5.0,Interior,17,17,0.029,0.412,0.176,0.412,0.0,0.5,7,3,3,3,7.0,0.0,0.5,7,7.0,0.0,28.0,21.0,1.647
Kwon Alexander,2015.0,4.0,124.0,Edge,17,12,0.029,0.176,0.059,0.353,0.059,0.5,3,1,0,1,6.0,1.0,0.5,3,6.0,1.0,42.0,27.0,2.471
Kalia Davis,2022.0,6.0,220.0,Interior,17,17,0.029,0.235,0.059,0.235,0.0,0.5,4,1,3,2,4.0,0.0,0.5,4,4.0,0.0,10.0,18.0,0.588
Jay Tufele,2021.0,4.0,106.0,Interior,20,5,0.025,0.2,0.1,0.1,0.0,0.5,3,1,1,1,2.0,0.0,0.5,4,2.0,0.0,6.0,10.0,0.3
Khyiris Tonga,2021.0,7.0,250.0,Interior,25,10,0.02,0.28,0.12,0.08,0.0,0.5,4,2,4,2,2.0,0.0,0.5,7,2.0,0.0,9.0,15.0,0.36
Pat O'Connor,,,,Edge,30,0,0.017,0.1,0.067,0.067,0.0,0.5,2,1,0,0,1.0,0.0,0.5,3,2.0,0.0,5.0,5.0,0.167
Colby Wooden,2023.0,4.0,116.0,Interior,47,17,0.011,0.234,0.128,0.17,0.0,0.5,5,3,2,3,6.0,0.0,0.5,11,8.0,0.0,35.0,35.0,0.745
Cory Durden,,,,Interior,17,4,0.0,0.059,0.059,0.294,0.0,0.0,1,1,0,0,5.0,0.0,0.0,1,5.0,0.0,10.0,20.0,0.588
DeWayne Carter,2024.0,3.0,95.0,Interior,11,3,0.0,0.182,0.182,0.455,0.0,0.0,2,2,1,0,5.0,0.0,0.0,2,5.0,0.0,11.0,3.0,1.0
Frostee Rucker,,,,Edge,15,15,0.0,0.6,0.2,0.267,0.0,0.0,9,3,0,6,4.0,0.0,0.0,9,4.0,0.0,23.0,14.0,1.533
Jullian Taylor,,,,Interior,6,0,0.0,0.333,0.167,0.667,0.0,0.0,2,1,1,1,4.0,0.0,0.0,2,4.0,0.0,7.0,2.0,1.167
Monty Rice,,,,Edge,13,6,0.0,0.154,0.154,0.308,0.0,0.0,2,2,0,0,4.0,0.0,0.0,2,4.0,0.0,39.0,27.0,3.0
Adrian Phillips,,,,Edge,17,8,0.0,0.059,0.059,0.176,0.0,0.0,1,1,0,0,3.0,0.0,0.0,1,3.0,0.0,37.0,29.0,2.176
Fadol Brown,2017.0,,,Edge,12,0,0.0,0.417,0.25,0.25,0.0,0.0,5,3,0,2,3.0,0.0,0.0,5,3.0,0.0,17.0,4.0,1.417
Jordon Riley,,,,Interior,13,5,0.0,0.154,0.077,0.231,0.0,0.0,2,1,0,1,3.0,0.0,0.0,2,3.0,0.0,7.0,5.0,0.538
Keionta Davis,2017.0,,,Edge,6,3,0.0,0.667,0.333,0.5,0.0,0.0,4,2,0,2,3.0,0.0,0.0,4,3.0,0.0,5.0,1.0,0.833
Chazz Surratt,,,,Edge,17,5,0.0,0.118,0.059,0.118,0.0,0.0,2,1,0,1,2.0,0.0,0.0,2,2.0,0.0,18.0,10.0,1.059
Devaroe Lawrence,,,,Interior,11,2,0.0,0.091,0.091,0.182,0.0,0.0,1,1,1,0,2.0,0.0,0.0,1,2.0,0.0,4.0,4.0,0.364
Elijah Garcia,,,,Interior,5,3,0.0,0.2,0.2,0.4,0.0,0.0,1,1,0,0,2.0,0.0,0.0,1,2.0,0.0,5.0,9.0,1.0
Henry Mondeaux,,,,Interior,11,0,0.0,0.182,0.182,0.182,0.0,0.0,2,2,0,0,2.0,0.0,0.0,2,2.0,0.0,3.0,2.0,0.273
Marquan McCall,2022.0,,,Interior,16,0,0.0,0.125,0.063,0.125,0.0,0.0,2,1,0,1,2.0,0.0,0.0,2,2.0,0.0,7.0,8.0,0.438
Marshawn Kneeland,2024.0,2.0,56.0,Edge,11,1,0.0,0.727,0.273,0.182,0.0,0.0,8,3,0,5,2.0,0.0,0.0,8,2.0,0.0,9.0,5.0,0.818
Mike Morris,2023.0,5.0,151.0,Edge,17,0,0.0,0.059,0.059,0.118,0.0,0.0,1,1,1,0,2.0,0.0,0.0,1,2.0,0.0,11.0,7.0,0.647
Montravius Adams,2017.0,3.0,93.0,Interior,10,5,0.0,0.6,0.3,0.2,0.0,0.0,6,3,1,3,2.0,0.0,0.0,6,2.0,0.0,7.0,8.0,0.7
Nick Thurman,,,,Edge,17,0,0.0,0.118,0.059,0.118,0.0,0.0,2,1,0,1,2.0,0.0,0.0,2,2.0,0.0,13.0,18.0,0.765
Oluwafemi Oladejo,2025.0,2.0,52.0,Edge,6,2,0.0,0.5,0.333,0.333,0.0,0.0,3,2,0,1,2.0,0.0,0.0,3,2.0,0.0,5.0,8.0,0.833
Reggie Ragland,,,,Edge,17,9,0.0,0.059,0.059,0.118,0.0,0.0,1,1,1,0,2.0,0.0,0.0,1,2.0,0.0,38.0,29.0,2.235
Ronnie Perkins,2021.0,3.0,96.0,Edge,7,0,0.0,0.286,0.143,0.286,0.0,0.0,2,1,0,1,2.0,0.0,0.0,2,2.0,0.0,9.0,4.0,1.286
Tyler Lancaster,,,,Interior,12,5,0.0,0.167,0.083,0.167,0.0,0.0,2,1,0,1,2.0,0.0,0.0,2,2.0,0.0,19.0,6.0,1.583
Vincent Taylor,2017.0,6.0,194.0,Interior,15,1,0.0,0.133,0.067,0.133,0.0,0.0,2,1,0,1,2.0,0.0,0.0,2,2.0,0.0,9.0,3.0,0.6
Demone Harris,,,,Interior,9,0,0.0,0.222,0.111,0.111,0.0,0.0,2,1,0,1,1.0,0.0,0.0,2,1.0,0.0,4.0,7.0,0.444
Josh Tupou,,,,Interior,14,1,0.0,0.071,0.071,0.071,0.0,0.0,1,1,0,0,1.0,0.0,0.0,1,1.0,0.0,8.0,11.0,0.571
Justin Hamilton,,,,Interior,9,0,0.0,0.222,0.222,0.111,0.0,0.0,2,2,0,0,1.0,0.0,0.0,2,1.0,0.0,6.0,4.0,0.667
Kawann Short,2013.0,2.0,44.0,Interior,2,2,0.0,2.0,1.5,0.5,0.0,0.0,4,3,0,1,1.0,0.0,0.0,4,1.0,0.0,4.0,0.0,2.0
Matt Dickerson,2018.0,,,Interior,8,4,0.0,0.375,0.25,0.125,0.0,0.0,3,2,1,1,1.0,0.0,0.0,3,1.0,0.0,2.0,8.0,0.25
